가디언, 「어인정」 마인크래프트
가디언생성알, 「어인정」 마인크래프트
가루눈양동이, 「어인정」 마인크래프트
가마솥, 「어인정」 마인크래프트
가문비나무, 「어인정」 마인크래프트
가문비나무계단, 「어인정」 마인크래프트
가문비나무다락문, 「어인정」 마인크래프트
가문비나무묘목, 「어인정」 마인크래프트
가문비나무문, 「어인정」 마인크래프트
가문비나무반블록, 「어인정」 마인크래프트
가문비나무버튼, 「어인정」 마인크래프트
가문비나무보트, 「어인정」 마인크래프트
가문비나무울타리, 「어인정」 마인크래프트
가문비나무울타리문, 「어인정」 마인크래프트
가문비나무원목, 「어인정」 마인크래프트
가문비나무원시타이가, 「어인정」 마인크래프트
가문비나무잎, 「어인정」 마인크래프트
가문비나무판자, 「어인정」 마인크래프트
가문비나무표지판, 「어인정」 마인크래프트
가벼운착지, 「어인정」 마인크래프트
가스트, 「어인정」 마인크래프트
가스트눈물, 「어인정」 마인크래프트
가스트생성알, 「어인정」 마인크래프트
가시, 「어인정」 마인크래프트
가위, 「어인정」 마인크래프트
가죽, 「어인정」 마인크래프트
가죽말갑옷, 「어인정」 마인크래프트
가죽모자, 「어인정」 마인크래프트
가죽바지, 「어인정」 마인크래프트
가죽부츠, 「어인정」 마인크래프트
가죽조끼, 「어인정」 마인크래프트
갈색색유리, 「어인정」 마인크래프트
갈색색유리판, 「어인정」 마인크래프트
갈색셜커상자, 「어인정」 마인크래프트
갈색양탄자, 「어인정」 마인크래프트
갈색양털, 「어인정」 마인크래프트
갈색염료, 「어인정」 마인크래프트
갈색유광테라코타, 「어인정」 마인크래프트
갈색침대, 「어인정」 마인크래프트
갈색콘크리트, 「어인정」 마인크래프트
갈색콘크리트가루, 「어인정」 마인크래프트
갈색테라코타, 「어인정」 마인크래프트
갈색현수막, 「어인정」 마인크래프트
감속의물약, 「어인정」 마인크래프트
감자, 「어인정」 마인크래프트
감지레일, 「어인정」 마인크래프트
갑옷거치대, 「어인정」 마인크래프트
강타, 「어인정」 마인크래프트
거대가문비나무타이가언덕, 「어인정」 마인크래프트
거대나무타이가언덕, 「어인정」 마인크래프트
거미, 「어인정」 마인크래프트
거미눈, 「어인정」 마인크래프트
거미생성알, 「어인정」 마인크래프트
거미줄, 「어인정」 마인크래프트
거북도사의물약, 「어인정」 마인크래프트
거북등딱지, 「어인정」 마인크래프트
거북알, 「어인정」 마인크래프트
거인, 「어인정」 마인크래프트
거친흙, 「어인정」 마인크래프트
거품산호, 「어인정」 마인크래프트
거품산호블록, 「어인정」 마인크래프트
건초더미, 「어인정」 마인크래프트
검은색색유리, 「어인정」 마인크래프트
검은색색유리판, 「어인정」 마인크래프트
검은색셜커상자, 「어인정」 마인크래프트
검은색양탄자, 「어인정」 마인크래프트
검은색양털, 「어인정」 마인크래프트
검은색염료, 「어인정」 마인크래프트
검은색유광테라코타, 「어인정」 마인크래프트
검은색침대, 「어인정」 마인크래프트
검은색콘크리트, 「어인정」 마인크래프트
검은색콘크리트가루, 「어인정」 마인크래프트
검은색테라코타, 「어인정」 마인크래프트
검은색현수막, 「어인정」 마인크래프트
겉날개, 「어인정」 마인크래프트
경작지, 「어인정」 마인크래프트
경험치병, 「어인정」 마인크래프트
계획된광산, 「어인정」 마인크래프트
고대잔해, 「어인정」 마인크래프트
고사리, 「어인정」 마인크래프트
고통의물약, 「어인정」 마인크래프트
공급기, 「어인정」 마인크래프트
공중부양, 「어인정」 마인크래프트
공허, 「어인정」 마인크래프트
관산호, 「어인정」 마인크래프트
관산호블록, 「어인정」 마인크래프트
관측기, 「어인정」 마인크래프트
광산수레, 「어인정」 마인크래프트
구리광석, 「어인정」 마인크래프트
구리블록, 「어인정」 마인크래프트
구리원석, 「어인정」 마인크래프트
구리원석블록, 「어인정」 마인크래프트
구리주괴, 「어인정」 마인크래프트
구운감자, 「어인정」 마인크래프트
구조물공허공간, 「어인정」 마인크래프트
구조물블록, 「어인정」 마인크래프트
귀속저주, 「어인정」 마인크래프트
규화한참나무반블록, 「어인정」 마인크래프트
균사체, 「어인정」 마인크래프트
그릇, 「어인정」 마인크래프트
그림, 「어인정」 마인크래프트
금간네더벽돌, 「어인정」 마인크래프트
금간석재벽돌, 「어인정」 마인크래프트
금간심층암벽돌, 「어인정」 마인크래프트
금간심층암타일, 「어인정」 마인크래프트
금간윤나는흑암벽돌, 「어인정」 마인크래프트
금검, 「어인정」 마인크래프트
금곡괭이, 「어인정」 마인크래프트
금광석, 「어인정」 마인크래프트
금괭이, 「어인정」 마인크래프트
금도끼, 「어인정」 마인크래프트
금레깅스, 「어인정」 마인크래프트
금말갑옷, 「어인정」 마인크래프트
금부츠, 「어인정」 마인크래프트
금블록, 「어인정」 마인크래프트
금삽, 「어인정」 마인크래프트
금원석, 「어인정」 마인크래프트
금원석블록, 「어인정」 마인크래프트
금조각, 「어인정」 마인크래프트
금주괴, 「어인정」 마인크래프트
금투구, 「어인정」 마인크래프트
금흉갑, 「어인정」 마인크래프트
급류, 「어인정」 마인크래프트
기반암, 「어인정」 마인크래프트
깃털, 「어인정」 마인크래프트
깊고따뜻한바다, 「어인정」 마인크래프트
깊고미지근한바다, 「어인정」 마인크래프트
깊고얼어붙은바다, 「어인정」 마인크래프트
깊고차가운바다, 「어인정」 마인크래프트
깊은바다, 「어인정」 마인크래프트
깎인구리, 「어인정」 마인크래프트
깎인구리계단, 「어인정」 마인크래프트
깎인구리반블록, 「어인정」 마인크래프트
깎인붉은사암반블록, 「어인정」 마인크래프트
깎인사암, 「어인정」 마인크래프트
껍질벗긴가문비나무, 「어인정」 마인크래프트
껍질벗긴가문비나무원목, 「어인정」 마인크래프트
껍질벗긴뒤틀린균사, 「어인정」 마인크래프트
껍질벗긴뒤틀린자루, 「어인정」 마인크래프트
껍질벗긴맹그로브나무, 「어인정」 마인크래프트
껍질벗긴맹그로브나무원목, 「어인정」 마인크래프트
껍질벗긴아카시아나무, 「어인정」 마인크래프트
껍질벗긴아카시아나무원목, 「어인정」 마인크래프트
껍질벗긴자작나무, 「어인정」 마인크래프트
껍질벗긴자작나무원목, 「어인정」 마인크래프트
껍질벗긴정글나무, 「어인정」 마인크래프트
껍질벗긴정글나무원목, 「어인정」 마인크래프트
껍질벗긴진홍빛균사, 「어인정」 마인크래프트
껍질벗긴진홍빛자루, 「어인정」 마인크래프트
껍질벗긴짙은참나무, 「어인정」 마인크래프트
껍질벗긴짙은참나무원목, 「어인정」 마인크래프트
껍질벗긴참나무, 「어인정」 마인크래프트
껍질벗긴참나무원목, 「어인정」 마인크래프트
꽁꽁언얼음, 「어인정」 마인크래프트
꽃숲, 「어인정」 마인크래프트
꿀벌, 「어인정」 마인크래프트
꿀벌생성알, 「어인정」 마인크래프트
꿀블록, 「어인정」 마인크래프트
꿀이든병, 「어인정」 마인크래프트
끈끈이피스톤, 「어인정」 마인크래프트
나무가우거진악지지형, 「어인정」 마인크래프트
나무가우거진언덕, 「어인정」 마인크래프트
나무검, 「어인정」 마인크래프트
나무곡괭이, 「어인정」 마인크래프트
나무괭이, 「어인정」 마인크래프트
나무도끼, 「어인정」 마인크래프트
나무삽, 「어인정」 마인크래프트
나약함, 「어인정」 마인크래프트
나약함의물약, 「어인정」 마인크래프트
낚싯대, 「어인정」 마인크래프트
난폭한피글린, 「어인정」 마인크래프트
난폭한피글린생성알, 「어인정」 마인크래프트
날카로움, 「어인정」 마인크래프트
내구성, 「어인정」 마인크래프트
네더금광석, 「어인정」 마인크래프트
네더라이트검, 「어인정」 마인크래프트
네더라이트곡괭이, 「어인정」 마인크래프트
네더라이트괭이, 「어인정」 마인크래프트
네더라이트도끼, 「어인정」 마인크래프트
네더라이트레깅스, 「어인정」 마인크래프트
네더라이트부츠, 「어인정」 마인크래프트
네더라이트블록, 「어인정」 마인크래프트
네더라이트삽, 「어인정」 마인크래프트
네더라이트주괴, 「어인정」 마인크래프트
네더라이트투구, 「어인정」 마인크래프트
네더라이트파편, 「어인정」 마인크래프트
네더라이트흉갑, 「어인정」 마인크래프트
네더랙, 「어인정」 마인크래프트
네더벽돌, 「어인정」 마인크래프트
네더벽돌계단, 「어인정」 마인크래프트
네더벽돌담장, 「어인정」 마인크래프트
네더벽돌반블록, 「어인정」 마인크래프트
네더벽돌울타리, 「어인정」 마인크래프트
네더사마귀, 「어인정」 마인크래프트
네더사마귀블록, 「어인정」 마인크래프트
네더석영, 「어인정」 마인크래프트
네더석영원석, 「어인정」 마인크래프트
네더의별, 「어인정」 마인크래프트
네더황무지, 「어인정」 마인크래프트
노란색색유리, 「어인정」 마인크래프트
노란색색유리판, 「어인정」 마인크래프트
노란색셜커상자, 「어인정」 마인크래프트
노란색양탄자, 「어인정」 마인크래프트
노란색양털, 「어인정」 마인크래프트
노란색염료, 「어인정」 마인크래프트
노란색유광테라코타, 「어인정」 마인크래프트
노란색침대, 「어인정」 마인크래프트
노란색콘크리트, 「어인정」 마인크래프트
노란색콘크리트가루, 「어인정」 마인크래프트
노란색테라코타, 「어인정」 마인크래프트
노란색현수막, 「어인정」 마인크래프트
녹슨구리, 「어인정」 마인크래프트
녹슨깎인구리, 「어인정」 마인크래프트
녹슨깎인구리계단, 「어인정」 마인크래프트
녹슨깎인구리반블록, 「어인정」 마인크래프트
뇌산호, 「어인정」 마인크래프트
뇌산호블록, 「어인정」 마인크래프트
눈골렘, 「어인정」 마인크래프트
눈덮인타이가, 「어인정」 마인크래프트
눈덮인타이가산, 「어인정」 마인크래프트
눈덮인평원, 「어인정」 마인크래프트
눈덮인해변, 「어인정」 마인크래프트
눈블록, 「어인정」 마인크래프트
느린낙하, 「어인정」 마인크래프트
느린낙하의물약, 「어인정」 마인크래프트
늪언덕, 「어인정」 마인크래프트
다이아몬드, 「어인정」 마인크래프트
다이아몬드검, 「어인정」 마인크래프트
다이아몬드곡괭이, 「어인정」 마인크래프트
다이아몬드광석, 「어인정」 마인크래프트
다이아몬드괭이, 「어인정」 마인크래프트
다이아몬드도끼, 「어인정」 마인크래프트
다이아몬드레깅스, 「어인정」 마인크래프트
다이아몬드말갑옷, 「어인정」 마인크래프트
다이아몬드부츠, 「어인정」 마인크래프트
다이아몬드블록, 「어인정」 마인크래프트
다이아몬드삽, 「어인정」 마인크래프트
다이아몬드투구, 「어인정」 마인크래프트
다이아몬드흉갑, 「어인정」 마인크래프트
다중발사, 「어인정」 마인크래프트
달걀, 「어인정」 마인크래프트
달콤한열매, 「어인정」 마인크래프트
닭생성알, 「어인정」 마인크래프트
당근, 「어인정」 마인크래프트
당근낚싯대, 「어인정」 마인크래프트
당나귀생성알, 「어인정」 마인크래프트
대구가담긴양동이, 「어인정」 마인크래프트
대구생성알, 「어인정」 마인크래프트
대나무정글, 「어인정」 마인크래프트
대나무정글언덕, 「어인정」 마인크래프트
대장장이작업대, 「어인정」 마인크래프트
덫상자, 「어인정」 마인크래프트
도약의물약, 「어인정」 마인크래프트
독물약, 「어인정」 마인크래프트
독이있는감자, 「어인정」 마인크래프트
돌검, 「어인정」 마인크래프트
돌계단, 「어인정」 마인크래프트
돌고래, 「어인정」 마인크래프트
돌고래생성알, 「어인정」 마인크래프트
돌고래의가호, 「어인정」 마인크래프트
돌곡괭이, 「어인정」 마인크래프트
돌괭이, 「어인정」 마인크래프트
돌도끼, 「어인정」 마인크래프트
돌반블록, 「어인정」 마인크래프트
돌버튼, 「어인정」 마인크래프트
돌삽, 「어인정」 마인크래프트
돌압력판, 「어인정」 마인크래프트
돌해안, 「어인정」 마인크래프트
동굴거미, 「어인정」 마인크래프트
동굴거미생성알, 「어인정」 마인크래프트
뒤틀린계단, 「어인정」 마인크래프트
뒤틀린균, 「어인정」 마인크래프트
뒤틀린균낚싯대, 「어인정」 마인크래프트
뒤틀린균사, 「어인정」 마인크래프트
뒤틀린네사체, 「어인정」 마인크래프트
뒤틀린다락문, 「어인정」 마인크래프트
뒤틀린문, 「어인정」 마인크래프트
뒤틀린반블록, 「어인정」 마인크래프트
뒤틀린뿌리, 「어인정」 마인크래프트
뒤틀린사마귀블록, 「어인정」 마인크래프트
뒤틀린숲, 「어인정」 마인크래프트
뒤틀린울타리, 「어인정」 마인크래프트
뒤틀린울타리문, 「어인정」 마인크래프트
뒤틀린자루, 「어인정」 마인크래프트
뒤틀린판자, 「어인정」 마인크래프트
뒤틀린표지판, 「어인정」 마인크래프트
드라운드생성알, 「어인정」 마인크래프트
드래곤머리, 「어인정」 마인크래프트
드래곤알, 「어인정」 마인크래프트
드래곤의숨결, 「어인정」 마인크래프트
듬성듬성한정글, 「어인정」 마인크래프트
디버그막대기, 「어인정」 마인크래프트
따뜻한바다, 「어인정」 마인크래프트
라일락, 「어인정」 마인크래프트
레드스톤가루, 「어인정」 마인크래프트
레드스톤광석, 「어인정」 마인크래프트
레드스톤블록, 「어인정」 마인크래프트
레드스톤비교기, 「어인정」 마인크래프트
레드스톤조명, 「어인정」 마인크래프트
레드스톤중계기, 「어인정」 마인크래프트
레드스톤횃불, 「어인정」 마인크래프트
리스폰정박기, 「어인정」 마인크래프트
마그마블록, 「어인정」 마인크래프트
마그마큐브, 「어인정」 마인크래프트
마그마크림, 「어인정」 마인크래프트
마른덤불, 「어인정」 마인크래프트
마법부여대, 「어인정」 마인크래프트
마법이부여된책, 「어인정」 마인크래프트
마법이부여된책무한, 「어인정」 마인크래프트
마법이부여된책밀어내기, 「어인정」 마인크래프트
마법이부여된책밀치기, 「어인정」 마인크래프트
마법이부여된책발화, 「어인정」 마인크래프트
마법이부여된책보호, 「어인정」 마인크래프트
마법이부여된책수선, 「어인정」 마인크래프트
마법이부여된책약탈, 「어인정」 마인크래프트
마법이부여된책찌르기, 「어인정」 마인크래프트
마법이부여된책충절, 「어인정」 마인크래프트
마법이부여된책호흡, 「어인정」 마인크래프트
마법이부여된책화염, 「어인정」 마인크래프트
마법이부여된책효율, 「어인정」 마인크래프트
마법이부여된책휘몰아치는칼날, 「어인정」 마인크래프트
마법이부여된황금사과, 「어인정」 마인크래프트
마을의영웅, 「어인정」 마인크래프트
마인크래프트, 「어인정」 마인크래프트
마인크래프트(주제), 「어인정」 마인크래프트
말린켈프, 「어인정」 마인크래프트
말린켈프블록, 「어인정」 마인크래프트
매끄러운돌, 「어인정」 마인크래프트
매끄러운돌반블록, 「어인정」 마인크래프트
매끄러운붉은사암, 「어인정」 마인크래프트
매끄러운붉은사암계단, 「어인정」 마인크래프트
매끄러운붉은사암반블록, 「어인정」 마인크래프트
매끄러운사암, 「어인정」 마인크래프트
매끄러운사암계단, 「어인정」 마인크래프트
매끄러운사암반블록, 「어인정」 마인크래프트
매끄러운석영계단, 「어인정」 마인크래프트
매끄러운석영반블록, 「어인정」 마인크래프트
매끄러운석영블록, 「어인정」 마인크래프트
매끄러운현무암, 「어인정」 마인크래프트
매달린뿌리, 「어인정」 마인크래프트
먹물주머니, 「어인정」 마인크래프트
멀미, 「어인정」 마인크래프트
명령블록이실린광산수레, 「어인정」 마인크래프트
모루, 「어인정」 마인크래프트
몬스터생성기, 「어인정」 마인크래프트
무성한동굴, 「어인정」 마인크래프트
무시룸, 「어인정」 마인크래프트
물갈퀴, 「어인정」 마인크래프트
물병, 「어인정」 마인크래프트
물약이묻은제작불가능화살, 「어인정」 마인크래프트
물양동이, 「어인정」 마인크래프트
미끼, 「어인정」 마인크래프트
미지근한바다, 「어인정」 마인크래프트
밀랍칠한구리블록, 「어인정」 마인크래프트
밀랍칠한깎인구리, 「어인정」 마인크래프트
밀랍칠한깎인구리계단, 「어인정」 마인크래프트
밀랍칠한깎인구리반블록, 「어인정」 마인크래프트
밀랍칠한녹슨구리, 「어인정」 마인크래프트
밀랍칠한녹슨깎인구리, 「어인정」 마인크래프트
밀랍칠한녹슨깎인구리계단, 「어인정」 마인크래프트
밀랍칠한녹슨깎인구리반블록, 「어인정」 마인크래프트
밀랍칠한산화된구리, 「어인정」 마인크래프트
밀랍칠한산화된깎인구리, 「어인정」 마인크래프트
밀랍칠한산화된깎인구리계단, 「어인정」 마인크래프트
밀랍칠한산화된깎인구리반블록, 「어인정」 마인크래프트
밀랍칠한약간녹슨구리, 「어인정」 마인크래프트
밀랍칠한약간녹슨깎인구리, 「어인정」 마인크래프트
밀랍칠한약간녹슨깎인구리계단, 「어인정」 마인크래프트
밀랍칠한약간녹슨깎인구리반블록, 「어인정」 마인크래프트
밀씨앗, 「어인정」 마인크래프트
바다, 「어인정」 마인크래프트
바다랜턴, 「어인정」 마인크래프트
바다의심장, 「어인정」 마인크래프트
바다의행운, 「어인정」 마인크래프트
바람이세찬사바나, 「어인정」 마인크래프트
바람이세찬숲, 「어인정」 마인크래프트
바람이세찬언덕, 「어인정」 마인크래프트
바람이세찬자갈투성이언덕, 「어인정」 마인크래프트
박쥐생성알, 「어인정」 마인크래프트
반복형명령블록, 「어인정」 마인크래프트
반짝이는수박조각, 「어인정」 마인크래프트
발광먹물주머니, 「어인정」 마인크래프트
발광석, 「어인정」 마인크래프트
발광석가루, 「어인정」 마인크래프트
발광아이템액자, 「어인정」 마인크래프트
발광열매, 「어인정」 마인크래프트
발광오징어생성알, 「어인정」 마인크래프트
발광이끼, 「어인정」 마인크래프트
발사기, 「어인정」 마인크래프트
발사체로부터보호, 「어인정」 마인크래프트
발효된거미눈, 「어인정」 마인크래프트
버섯들판, 「어인정」 마인크래프트
버섯들판해안, 「어인정」 마인크래프트
버섯스튜, 「어인정」 마인크래프트
버섯자루, 「어인정」 마인크래프트
벌레먹은금간석재벽돌, 「어인정」 마인크래프트
벌레먹은돌, 「어인정」 마인크래프트
벌레먹은석재벽돌, 「어인정」 마인크래프트
벌레먹은심층암, 「어인정」 마인크래프트
벌레먹은이끼낀석재벽돌, 「어인정」 마인크래프트
벌레먹은조각된석재벽돌, 「어인정」 마인크래프트
벌레먹은조약돌, 「어인정」 마인크래프트
벌집조각, 「어인정」 마인크래프트
벌집조각블록, 「어인정」 마인크래프트
벡스, 「어인정」 마인크래프트
벽돌, 「어인정」 마인크래프트
벽돌계단, 「어인정」 마인크래프트
벽돌담장, 「어인정」 마인크래프트
벽돌반블록, 「어인정」 마인크래프트
변명자, 「어인정」 마인크래프트
변형된나무가우거진악지지형고원, 「어인정」 마인크래프트
변형된악지지형고원, 「어인정」 마인크래프트
변형된자갈투성이산, 「어인정」 마인크래프트
변형된정글, 「어인정」 마인크래프트
변형된정글변두리, 「어인정」 마인크래프트
보라색색유리, 「어인정」 마인크래프트
보라색색유리판, 「어인정」 마인크래프트
보라색셜커상자, 「어인정」 마인크래프트
보라색양탄자, 「어인정」 마인크래프트
보라색양털, 「어인정」 마인크래프트
보라색염료, 「어인정」 마인크래프트
보라색유광테라코타, 「어인정」 마인크래프트
보라색침대, 「어인정」 마인크래프트
보라색콘크리트, 「어인정」 마인크래프트
보라색콘크리트가루, 「어인정」 마인크래프트
보라색테라코타, 「어인정」 마인크래프트
보라색현수막, 「어인정」 마인크래프트
보호, 「어인정」 마인크래프트
복어, 「어인정」 마인크래프트
복어가담긴양동이, 「어인정」 마인크래프트
부싯돌과부시, 「어인정」 마인크래프트
부채형거품산호, 「어인정」 마인크래프트
부채형관산호, 「어인정」 마인크래프트
부채형뇌산호, 「어인정」 마인크래프트
부채형불산호, 「어인정」 마인크래프트
부채형사방산호, 「어인정」 마인크래프트
분홍색색유리, 「어인정」 마인크래프트
분홍색색유리판, 「어인정」 마인크래프트
분홍색셜커상자, 「어인정」 마인크래프트
분홍색양탄자, 「어인정」 마인크래프트
분홍색양털, 「어인정」 마인크래프트
분홍색염료, 「어인정」 마인크래프트
분홍색유광테라코타, 「어인정」 마인크래프트
분홍색침대, 「어인정」 마인크래프트
분홍색콘크리트, 「어인정」 마인크래프트
분홍색콘크리트가루, 「어인정」 마인크래프트
분홍색테라코타, 「어인정」 마인크래프트
분홍색튤립, 「어인정」 마인크래프트
분홍색현수막, 「어인정」 마인크래프트
불사의토템, 「어인정」 마인크래프트
불산호, 「어인정」 마인크래프트
불산호블록, 「어인정」 마인크래프트
붉은네더벽돌, 「어인정」 마인크래프트
붉은네더벽돌계단, 「어인정」 마인크래프트
붉은네더벽돌담장, 「어인정」 마인크래프트
붉은네더벽돌반블록, 「어인정」 마인크래프트
붉은모래, 「어인정」 마인크래프트
붉은사암, 「어인정」 마인크래프트
붉은사암계단, 「어인정」 마인크래프트
붉은사암담장, 「어인정」 마인크래프트
붉은사암반블록, 「어인정」 마인크래프트
블레이즈, 「어인정」 마인크래프트
블레이즈가루, 「어인정」 마인크래프트
블레이즈막대기, 「어인정」 마인크래프트
블레이즈생성알, 「어인정」 마인크래프트
비트, 「어인정」 마인크래프트
비트수프, 「어인정」 마인크래프트
비트씨앗, 「어인정」 마인크래프트
빈지도, 「어인정」 마인크래프트
빠른장전, 「어인정」 마인크래프트
빨간색색유리, 「어인정」 마인크래프트
빨간색색유리판, 「어인정」 마인크래프트
빨간색셜커상자, 「어인정」 마인크래프트
빨간색양탄자, 「어인정」 마인크래프트
빨간색양털, 「어인정」 마인크래프트
빨간색염료, 「어인정」 마인크래프트
빨간색유광테라코타, 「어인정」 마인크래프트
빨간색침대, 「어인정」 마인크래프트
빨간색콘크리트, 「어인정」 마인크래프트
빨간색콘크리트가루, 「어인정」 마인크래프트
빨간색테라코타, 「어인정」 마인크래프트
빨간색튤립, 「어인정」 마인크래프트
빨간색현수막, 「어인정」 마인크래프트
뼈블록, 「어인정」 마인크래프트
뼛가루, 「어인정」 마인크래프트
뾰족한점적석, 「어인정」 마인크래프트
뿌리내린흙, 「어인정」 마인크래프트
사과, 「어인정」 마인크래프트
사막, 「어인정」 마인크래프트
사막언덕, 「어인정」 마인크래프트
사막호수, 「어인정」 마인크래프트
사바나, 「어인정」 마인크래프트
사바나고원, 「어인정」 마인크래프트
사방산호, 「어인정」 마인크래프트
사방산호블록, 「어인정」 마인크래프트
사슬레깅스, 「어인정」 마인크래프트
사슬부츠, 「어인정」 마인크래프트
사슬투구, 「어인정」 마인크래프트
사슬흉갑, 「어인정」 마인크래프트
사암계단, 「어인정」 마인크래프트
사암담장, 「어인정」 마인크래프트
사암반블록, 「어인정」 마인크래프트
산변두리, 「어인정」 마인크래프트
산산이조각난사바나고원, 「어인정」 마인크래프트
산화된구리, 「어인정」 마인크래프트
산화된깎인구리, 「어인정」 마인크래프트
산화된깎인구리계단, 「어인정」 마인크래프트
산화된깎인구리반블록, 「어인정」 마인크래프트
살충, 「어인정」 마인크래프트
상자가실린광산수레, 「어인정」 마인크래프트
상자가실린맹그로브나무보트, 「어인정」 마인크래프트
생명력강화, 「어인정」 마인크래프트
생성기가실린광산수레, 「어인정」 마인크래프트
석영계단, 「어인정」 마인크래프트
석영기둥, 「어인정」 마인크래프트
석영반블록, 「어인정」 마인크래프트
석영블록, 「어인정」 마인크래프트
석재벽돌, 「어인정」 마인크래프트
석재벽돌계단, 「어인정」 마인크래프트
석재벽돌담장, 「어인정」 마인크래프트
석재벽돌반블록, 「어인정」 마인크래프트
석재절단기, 「어인정」 마인크래프트
석탄, 「어인정」 마인크래프트
석탄광석, 「어인정」 마인크래프트
석탄블록, 「어인정」 마인크래프트
선애기별꽃, 「어인정」 마인크래프트
설탕, 「어인정」 마인크래프트
섬록암, 「어인정」 마인크래프트
섬록암계단, 「어인정」 마인크래프트
섬록암담장, 「어인정」 마인크래프트
섬록암반블록, 「어인정」 마인크래프트
섬세한손길, 「어인정」 마인크래프트
성급함, 「어인정」 마인크래프트
셜커, 「어인정」 마인크래프트
셜커껍데기, 「어인정」 마인크래프트
셜커상자, 「어인정」 마인크래프트
소나무원시타이가, 「어인정」 마인크래프트
소생성알, 「어인정」 마인크래프트
소실저주, 「어인정」 마인크래프트
소환사, 「어인정」 마인크래프트
소환사생성알, 「어인정」 마인크래프트
속도감소, 「어인정」 마인크래프트
속도증가, 「어인정」 마인크래프트
수박조각, 「어인정」 마인크래프트
수상한스튜, 「어인정」 마인크래프트
수중호흡, 「어인정」 마인크래프트
수중호흡의물약, 「어인정」 마인크래프트
숫돌, 「어인정」 마인크래프트
스컬크감지기, 「어인정」 마인크래프트
스켈레톤기수, 「어인정」 마인크래프트
스켈레톤말, 「어인정」 마인크래프트
스켈레톤해골, 「어인정」 마인크래프트
스테이크, 「어인정」 마인크래프트
스트라이더, 「어인정」 마인크래프트
스트레이, 「어인정」 마인크래프트
스파이더조키, 「어인정」 마인크래프트
스펀지, 「어인정」 마인크래프트
슬라임볼, 「어인정」 마인크래프트
슬라임블록, 「어인정」 마인크래프트
시듦, 「어인정」 마인크래프트
신속의물약, 「어인정」 마인크래프트
심층암, 「어인정」 마인크래프트
심층암구리광석, 「어인정」 마인크래프트
심층암금광석, 「어인정」 마인크래프트
심층암다이아몬드광석, 「어인정」 마인크래프트
심층암레드스톤광석, 「어인정」 마인크래프트
심층암벽돌, 「어인정」 마인크래프트
심층암벽돌계단, 「어인정」 마인크래프트
심층암벽돌담장, 「어인정」 마인크래프트
심층암벽돌반블록, 「어인정」 마인크래프트
심층암석탄광석, 「어인정」 마인크래프트
심층암에메랄드광석, 「어인정」 마인크래프트
심층암조약돌, 「어인정」 마인크래프트
심층암조약돌계단, 「어인정」 마인크래프트
심층암조약돌담장, 「어인정」 마인크래프트
심층암조약돌반블록, 「어인정」 마인크래프트
심층암철광석, 「어인정」 마인크래프트
심층암청금석광석, 「어인정」 마인크래프트
심층암타일, 「어인정」 마인크래프트
심층암타일담장, 「어인정」 마인크래프트
심층암타일반블록, 「어인정」 마인크래프트
싹틔우는자수정, 「어인정」 마인크래프트
썩은살점, 「어인정」 마인크래프트
아이템액자, 「어인정」 마인크래프트
아카시아나무, 「어인정」 마인크래프트
아카시아나무계단, 「어인정」 마인크래프트
아카시아나무다락문, 「어인정」 마인크래프트
아카시아나무묘목, 「어인정」 마인크래프트
아카시아나무문, 「어인정」 마인크래프트
아카시아나무반블록, 「어인정」 마인크래프트
아카시아나무버튼, 「어인정」 마인크래프트
아카시아나무보트, 「어인정」 마인크래프트
아카시아나무울타리, 「어인정」 마인크래프트
아카시아나무울타리문, 「어인정」 마인크래프트
아카시아나무원목, 「어인정」 마인크래프트
아카시아나무잎, 「어인정」 마인크래프트
아카시아나무판자, 「어인정」 마인크래프트
아카시아나무표지판, 「어인정」 마인크래프트
아홀로틀생성알, 「어인정」 마인크래프트
아홀로틀이담긴양동이, 「어인정」 마인크래프트
악지지형, 「어인정」 마인크래프트
악지지형고원, 「어인정」 마인크래프트
안산암, 「어인정」 마인크래프트
안산암계단, 「어인정」 마인크래프트
안산암담장, 「어인정」 마인크래프트
안산암반블록, 「어인정」 마인크래프트
앰버닭, 「어인정」 마인크래프트
앵무조개껍데기, 「어인정」 마인크래프트
야간투시, 「어인정」 마인크래프트
야간투시의물약, 「어인정」 마인크래프트
약간녹슨구리, 「어인정」 마인크래프트
약간녹슨깎인구리, 「어인정」 마인크래프트
약간녹슨깎인구리계단, 「어인정」 마인크래프트
약간녹슨깎인구리반블록, 「어인정」 마인크래프트
양동이, 「어인정」 마인크래프트
양조기, 「어인정」 마인크래프트
어두운숲, 「어인정」 마인크래프트
어두운숲언덕, 「어인정」 마인크래프트
어색한물약, 「어인정」 마인크래프트
얼어붙은강, 「어인정」 마인크래프트
얼어붙은바다, 「어인정」 마인크래프트
얼음, 「어인정」 마인크래프트
에메랄드, 「어인정」 마인크래프트
에메랄드광석, 「어인정」 마인크래프트
에메랄드블록, 「어인정」 마인크래프트
엔더마이트, 「어인정」 마인크래프트
엔더마이트생성알, 「어인정」 마인크래프트
엔더맨, 「어인정」 마인크래프트
엔더맨생성알, 「어인정」 마인크래프트
엔더상자, 「어인정」 마인크래프트
엔더의눈, 「어인정」 마인크래프트
엔더진주, 「어인정」 마인크래프트
엔드, 「어인정」 마인크래프트
엔드고지, 「어인정」 마인크래프트
엔드돌, 「어인정」 마인크래프트
엔드막대기, 「어인정」 마인크래프트
엔드불모지, 「어인정」 마인크래프트
엔드석재벽돌, 「어인정」 마인크래프트
엔드석재벽돌계단, 「어인정」 마인크래프트
엔드석재벽돌담장, 「어인정」 마인크래프트
엔드석재벽돌반블록, 「어인정」 마인크래프트
엔드수정, 「어인정」 마인크래프트
엔드중지, 「어인정」 마인크래프트
엘더가디언, 「어인정」 마인크래프트
엘더가디언생성알, 「어인정」 마인크래프트
여우생성알, 「어인정」 마인크래프트
역고드름, 「어인정」 마인크래프트
연두색색유리, 「어인정」 마인크래프트
연두색색유리판, 「어인정」 마인크래프트
연두색셜커상자, 「어인정」 마인크래프트
연두색양탄자, 「어인정」 마인크래프트
연두색양털, 「어인정」 마인크래프트
연두색염료, 「어인정」 마인크래프트
연두색유광테라코타, 「어인정」 마인크래프트
연두색침대, 「어인정」 마인크래프트
연두색콘크리트, 「어인정」 마인크래프트
연두색콘크리트가루, 「어인정」 마인크래프트
연두색테라코타, 「어인정」 마인크래프트
연두색현수막, 「어인정」 마인크래프트
연쇄형명령블록, 「어인정」 마인크래프트
연어가담긴양동이, 「어인정」 마인크래프트
열대어, 「어인정」 마인크래프트
열대어가담긴양동이, 「어인정」 마인크래프트
영혼가속, 「어인정」 마인크래프트
영혼모래, 「어인정」 마인크래프트
영혼모래골짜기, 「어인정」 마인크래프트
영혼흙, 「어인정」 마인크래프트
용암양동이, 「어인정」 마인크래프트
우는흑요석, 「어인정」 마인크래프트
우유양동이, 「어인정」 마인크래프트
위더, 「어인정」 마인크래프트
위더스켈레톤, 「어인정」 마인크래프트
위더스켈레톤해골, 「어인정」 마인크래프트
유리, 「어인정」 마인크래프트
유리병, 「어인정」 마인크래프트
윤나는섬록암, 「어인정」 마인크래프트
윤나는섬록암계단, 「어인정」 마인크래프트
윤나는섬록암반블록, 「어인정」 마인크래프트
윤나는심층암, 「어인정」 마인크래프트
윤나는심층암계단, 「어인정」 마인크래프트
윤나는심층암담장, 「어인정」 마인크래프트
윤나는심층암반블록, 「어인정」 마인크래프트
윤나는안산암, 「어인정」 마인크래프트
윤나는안산암계단, 「어인정」 마인크래프트
윤나는안산암반블록, 「어인정」 마인크래프트
윤나는현무암, 「어인정」 마인크래프트
윤나는화강암, 「어인정」 마인크래프트
윤나는화강암계단, 「어인정」 마인크래프트
윤나는화강암반블록, 「어인정」 마인크래프트
윤나는흑암, 「어인정」 마인크래프트
윤나는흑암계단, 「어인정」 마인크래프트
윤나는흑암담장, 「어인정」 마인크래프트
윤나는흑암반블록, 「어인정」 마인크래프트
윤나는흑암벽돌, 「어인정」 마인크래프트
윤나는흑암벽돌계단, 「어인정」 마인크래프트
윤나는흑암벽돌담장, 「어인정」 마인크래프트
윤나는흑암벽돌반블록, 「어인정」 마인크래프트
윤나는흑암압력판, 「어인정」 마인크래프트
이끼낀석재벽돌, 「어인정」 마인크래프트
이끼낀석재벽돌계단, 「어인정」 마인크래프트
이끼낀석재벽돌담장, 「어인정」 마인크래프트
이끼낀석재벽돌반블록, 「어인정」 마인크래프트
이끼낀조약돌, 「어인정」 마인크래프트
이끼낀조약돌계단, 「어인정」 마인크래프트
이끼낀조약돌담장, 「어인정」 마인크래프트
이끼낀조약돌반블록, 「어인정」 마인크래프트
이끼바닥, 「어인정」 마인크래프트
이끼블록, 「어인정」 마인크래프트
익히지않은닭고기, 「어인정」 마인크래프트
익히지않은대구, 「어인정」 마인크래프트
익히지않은돼지고기, 「어인정」 마인크래프트
익히지않은소고기, 「어인정」 마인크래프트
익히지않은양고기, 「어인정」 마인크래프트
익히지않은연어, 「어인정」 마인크래프트
익히지않은토끼고기, 「어인정」 마인크래프트
익힌닭고기, 「어인정」 마인크래프트
익힌대구, 「어인정」 마인크래프트
익힌돼지고기, 「어인정」 마인크래프트
익힌양고기, 「어인정」 마인크래프트
익힌연어, 「어인정」 마인크래프트
익힌토끼고기, 「어인정」 마인크래프트
엔더드래곤, 「어인정」 마인크래프트
인갑, 「어인정」 마인크래프트
자갈, 「어인정」 마인크래프트
자수정군집, 「어인정」 마인크래프트
자수정블록, 「어인정」 마인크래프트
자수정조각, 「어인정」 마인크래프트
자작나무, 「어인정」 마인크래프트
자작나무계단, 「어인정」 마인크래프트
자작나무다락문, 「어인정」 마인크래프트
자작나무묘목, 「어인정」 마인크래프트
자작나무문, 「어인정」 마인크래프트
자작나무반블록, 「어인정」 마인크래프트
자작나무버튼, 「어인정」 마인크래프트
자작나무보트, 「어인정」 마인크래프트
자작나무숲, 「어인정」 마인크래프트
자작나무숲언덕, 「어인정」 마인크래프트
자작나무울타리, 「어인정」 마인크래프트
자작나무울타리문, 「어인정」 마인크래프트
자작나무원목, 「어인정」 마인크래프트
자작나무원시림, 「어인정」 마인크래프트
자작나무잎, 「어인정」 마인크래프트
자작나무판자, 「어인정」 마인크래프트
자작나무표지판, 「어인정」 마인크래프트
자홍색색유리, 「어인정」 마인크래프트
자홍색색유리판, 「어인정」 마인크래프트
자홍색셜커상자, 「어인정」 마인크래프트
자홍색양탄자, 「어인정」 마인크래프트
자홍색양털, 「어인정」 마인크래프트
자홍색염료, 「어인정」 마인크래프트
자홍색유광테라코타, 「어인정」 마인크래프트
자홍색침대, 「어인정」 마인크래프트
자홍색콘크리트, 「어인정」 마인크래프트
자홍색콘크리트가루, 「어인정」 마인크래프트
자홍색테라코타, 「어인정」 마인크래프트
자홍색현수막, 「어인정」 마인크래프트
작은엔드섬, 「어인정」 마인크래프트
작은자수정봉오리, 「어인정」 마인크래프트
잔디블록, 「어인정」 마인크래프트
잔류형감속의물약, 「어인정」 마인크래프트
잔류형거북도사의물약, 「어인정」 마인크래프트
잔류형고통의물약, 「어인정」 마인크래프트
잔류형나약함의물약, 「어인정」 마인크래프트
잔류형느린낙하의물약, 「어인정」 마인크래프트
잔류형도약의물약, 「어인정」 마인크래프트
잔류형독물약, 「어인정」 마인크래프트
잔류형물병, 「어인정」 마인크래프트
잔류형수중호흡의물약, 「어인정」 마인크래프트
잔류형신속의물약, 「어인정」 마인크래프트
잔류형야간투시의물약, 「어인정」 마인크래프트
잔류형어색한물약, 「어인정」 마인크래프트
잔류형재생의물약, 「어인정」 마인크래프트
잔류형제작불가능물약, 「어인정」 마인크래프트
잔류형진한물약, 「어인정」 마인크래프트
잔류형치유의물약, 「어인정」 마인크래프트
잔류형투명화물약, 「어인정」 마인크래프트
잔류형평범한물약, 「어인정」 마인크래프트
잔류형행운의물약, 「어인정」 마인크래프트
잔류형화염저항의물약, 「어인정」 마인크래프트
잔류형힘의물약, 「어인정」 마인크래프트
장미덤불, 「어인정」 마인크래프트
재생의물약, 「어인정」 마인크래프트
전달체의힘, 「어인정」 마인크래프트
전동레일, 「어인정」 마인크래프트
점적석동굴, 「어인정」 마인크래프트
점적석블록, 「어인정」 마인크래프트
점토덩이, 「어인정」 마인크래프트
점프강화, 「어인정」 마인크래프트
정글, 「어인정」 마인크래프트
정글나무, 「어인정」 마인크래프트
정글나무계단, 「어인정」 마인크래프트
정글나무다락문, 「어인정」 마인크래프트
정글나무묘목, 「어인정」 마인크래프트
정글나무문, 「어인정」 마인크래프트
정글나무반블록, 「어인정」 마인크래프트
정글나무버튼, 「어인정」 마인크래프트
정글나무보트, 「어인정」 마인크래프트
정글나무울타리, 「어인정」 마인크래프트
정글나무울타리문, 「어인정」 마인크래프트
정글나무원목, 「어인정」 마인크래프트
정글나무잎, 「어인정」 마인크래프트
정글나무판자, 「어인정」 마인크래프트
정글나무표지판, 「어인정」 마인크래프트
정글어보미네이션, 「어인정」 마인크래프트
정글언덕, 「어인정」 마인크래프트
젖은스펀지, 「어인정」 마인크래프트
제작대, 「어인정」 마인크래프트
제작불가능물약, 「어인정」 마인크래프트
조각된네더벽돌, 「어인정」 마인크래프트
조각된붉은사암, 「어인정」 마인크래프트
조각된붉은사암반블록, 「어인정」 마인크래프트
조각된사암, 「어인정」 마인크래프트
조각된사암반블록, 「어인정」 마인크래프트
조각된석영블록, 「어인정」 마인크래프트
조각된석재벽돌, 「어인정」 마인크래프트
조각된심층암, 「어인정」 마인크래프트
조각된윤나는흑암, 「어인정」 마인크래프트
조약돌, 「어인정」 마인크래프트
조약돌계단, 「어인정」 마인크래프트
조약돌담장, 「어인정」 마인크래프트
조약돌반블록, 「어인정」 마인크래프트
좀비말, 「어인정」 마인크래프트
좀비머리, 「어인정」 마인크래프트
좀비화피글린, 「어인정」 마인크래프트
주황색색유리, 「어인정」 마인크래프트
주황색색유리판, 「어인정」 마인크래프트
주황색셜커상자, 「어인정」 마인크래프트
주황색양탄자, 「어인정」 마인크래프트
주황색양털, 「어인정」 마인크래프트
주황색염료, 「어인정」 마인크래프트
주황색유광테라코타, 「어인정」 마인크래프트
주황색침대, 「어인정」 마인크래프트
주황색콘크리트, 「어인정」 마인크래프트
주황색콘크리트가루, 「어인정」 마인크래프트
주황색테라코타, 「어인정」 마인크래프트
주황색튤립, 「어인정」 마인크래프트
주황색현수막, 「어인정」 마인크래프트
죽은거품산호, 「어인정」 마인크래프트
죽은거품산호블록, 「어인정」 마인크래프트
죽은관산호, 「어인정」 마인크래프트
죽은관산호블록, 「어인정」 마인크래프트
죽은뇌산호, 「어인정」 마인크래프트
죽은뇌산호블록, 「어인정」 마인크래프트
죽은부채형거품산호, 「어인정」 마인크래프트
죽은부채형관산호, 「어인정」 마인크래프트
죽은부채형뇌산호, 「어인정」 마인크래프트
죽은부채형불산호, 「어인정」 마인크래프트
죽은부채형사방산호, 「어인정」 마인크래프트
죽은불산호, 「어인정」 마인크래프트
죽은불산호블록, 「어인정」 마인크래프트
죽은사방산호, 「어인정」 마인크래프트
죽은사방산호블록, 「어인정」 마인크래프트
중간자수정봉오리, 「어인정」 마인크래프트
중력의땅, 「어인정」 마인크래프트
즉시치유, 「어인정」 마인크래프트
즉시피해, 「어인정」 마인크래프트
지도제작대, 「어인정」 마인크래프트
지식의책, 「어인정」 마인크래프트
진한물약, 「어인정」 마인크래프트
진홍빛계단, 「어인정」 마인크래프트
진홍빛균, 「어인정」 마인크래프트
진홍빛균사, 「어인정」 마인크래프트
진홍빛네사체, 「어인정」 마인크래프트
진홍빛다락문, 「어인정」 마인크래프트
진홍빛문, 「어인정」 마인크래프트
진홍빛반블록, 「어인정」 마인크래프트
진홍빛뿌리, 「어인정」 마인크래프트
진홍빛숲, 「어인정」 마인크래프트
진홍빛울타리, 「어인정」 마인크래프트
진홍빛울타리문, 「어인정」 마인크래프트
진홍빛자루, 「어인정」 마인크래프트
진홍빛판자, 「어인정」 마인크래프트
진홍빛표지판, 「어인정」 마인크래프트
집전, 「어인정」 마인크래프트
짙은참나무, 「어인정」 마인크래프트
짙은참나무계단, 「어인정」 마인크래프트
짙은참나무다락문, 「어인정」 마인크래프트
짙은참나무묘목, 「어인정」 마인크래프트
짙은참나무문, 「어인정」 마인크래프트
짙은참나무반블록, 「어인정」 마인크래프트
짙은참나무버튼, 「어인정」 마인크래프트
짙은참나무보트, 「어인정」 마인크래프트
짙은참나무울타리, 「어인정」 마인크래프트
짙은참나무울타리문, 「어인정」 마인크래프트
짙은참나무원목, 「어인정」 마인크래프트
짙은참나무잎, 「어인정」 마인크래프트
짙은참나무판자, 「어인정」 마인크래프트
짙은참나무표지판, 「어인정」 마인크래프트
짙은프리즈머린, 「어인정」 마인크래프트
짙은프리즈머린계단, 「어인정」 마인크래프트
짙은프리즈머린반블록, 「어인정」 마인크래프트
차가운걸음, 「어인정」 마인크래프트
차가운바다, 「어인정」 마인크래프트
차광유리, 「어인정」 마인크래프트
참나무, 「어인정」 마인크래프트
참나무계단, 「어인정」 마인크래프트
참나무다락문, 「어인정」 마인크래프트
참나무묘목, 「어인정」 마인크래프트
참나무문, 「어인정」 마인크래프트
참나무반블록, 「어인정」 마인크래프트
참나무버튼, 「어인정」 마인크래프트
참나무보트, 「어인정」 마인크래프트
참나무울타리, 「어인정」 마인크래프트
참나무울타리문, 「어인정」 마인크래프트
참나무원목, 「어인정」 마인크래프트
참나무잎, 「어인정」 마인크래프트
참나무판자, 「어인정」 마인크래프트
참나무표지판, 「어인정」 마인크래프트
채굴피로, 「어인정」 마인크래프트
책과깃펜, 「어인정」 마인크래프트
철검, 「어인정」 마인크래프트
철곡괭이, 「어인정」 마인크래프트
철광석, 「어인정」 마인크래프트
철괭이, 「어인정」 마인크래프트
철다락문, 「어인정」 마인크래프트
철도끼, 「어인정」 마인크래프트
철레깅스, 「어인정」 마인크래프트
철말갑옷, 「어인정」 마인크래프트
철문, 「어인정」 마인크래프트
철부츠, 「어인정」 마인크래프트
철블록, 「어인정」 마인크래프트
철사덫갈고리, 「어인정」 마인크래프트
철삽, 「어인정」 마인크래프트
철원석, 「어인정」 마인크래프트
철원석블록, 「어인정」 마인크래프트
철조각, 「어인정」 마인크래프트
철주괴, 「어인정」 마인크래프트
철투구, 「어인정」 마인크래프트
철흉갑, 「어인정」 마인크래프트
청금석, 「어인정」 마인크래프트
청금석광석, 「어인정」 마인크래프트
청금석블록, 「어인정」 마인크래프트
청록색색유리, 「어인정」 마인크래프트
청록색색유리판, 「어인정」 마인크래프트
청록색셜커상자, 「어인정」 마인크래프트
청록색양탄자, 「어인정」 마인크래프트
청록색양털, 「어인정」 마인크래프트
청록색염료, 「어인정」 마인크래프트
청록색유광테라코타, 「어인정」 마인크래프트
청록색침대, 「어인정」 마인크래프트
청록색콘크리트, 「어인정」 마인크래프트
청록색콘크리트가루, 「어인정」 마인크래프트
청록색테라코타, 「어인정」 마인크래프트
청록색현수막, 「어인정」 마인크래프트
초록색색유리, 「어인정」 마인크래프트
초록색색유리판, 「어인정」 마인크래프트
초록색셜커상자, 「어인정」 마인크래프트
초록색양탄자, 「어인정」 마인크래프트
초록색양털, 「어인정」 마인크래프트
초록색염료, 「어인정」 마인크래프트
초록색유광테라코타, 「어인정」 마인크래프트
초록색침대, 「어인정」 마인크래프트
초록색콘크리트, 「어인정」 마인크래프트
초록색콘크리트가루, 「어인정」 마인크래프트
초록색테라코타, 「어인정」 마인크래프트
초록색현수막, 「어인정」 마인크래프트
치유의물약, 「어인정」 마인크래프트
치킨조키, 「어인정」 마인크래프트
친수성, 「어인정」 마인크래프트
침식된악지지형, 「어인정」 마인크래프트
케이크, 「어인정」 마인크래프트
코코아콩, 「어인정」 마인크래프트
쿠키, 「어인정」 마인크래프트
크리퍼, 「어인정」 마인크래프트
크리퍼머리, 「어인정」 마인크래프트
크리퍼생성알, 「어인정」 마인크래프트
큰고사리, 「어인정」 마인크래프트
큰자수정봉오리, 「어인정」 마인크래프트
키큰자작나무언덕, 「어인정」 마인크래프트
키큰잔디, 「어인정」 마인크래프트
타이가, 「어인정」 마인크래프트
타이가산, 「어인정」 마인크래프트
타이가언덕, 「어인정」 마인크래프트
테라코타, 「어인정」 마인크래프트
토끼가죽, 「어인정」 마인크래프트
토끼발, 「어인정」 마인크래프트
토끼스튜, 「어인정」 마인크래프트
퇴비통, 「어인정」 마인크래프트
투명, 「어인정」 마인크래프트
투명화물약, 「어인정」 마인크래프트
투척용감속의물약, 「어인정」 마인크래프트
투척용거북도사의물약, 「어인정」 마인크래프트
투척용고통의물약, 「어인정」 마인크래프트
투척용나약함의물약, 「어인정」 마인크래프트
투척용느린낙하의물약, 「어인정」 마인크래프트
투척용도약의물약, 「어인정」 마인크래프트
투척용독물약, 「어인정」 마인크래프트
투척용물병, 「어인정」 마인크래프트
투척용수중호흡의물약, 「어인정」 마인크래프트
투척용신속의물약, 「어인정」 마인크래프트
투척용야간투시의물약, 「어인정」 마인크래프트
투척용어색한물약, 「어인정」 마인크래프트
투척용재생의물약, 「어인정」 마인크래프트
투척용제작불가능물약, 「어인정」 마인크래프트
투척용진한물약, 「어인정」 마인크래프트
투척용치유의물약, 「어인정」 마인크래프트
투척용투명화물약, 「어인정」 마인크래프트
투척용평범한물약, 「어인정」 마인크래프트
투척용행운의물약, 「어인정」 마인크래프트
투척용화염저항의물약, 「어인정」 마인크래프트
투척용힘의물약, 「어인정」 마인크래프트
튀긴후렴과, 「어인정」 마인크래프트
티엔티, 「어인정」 마인크래프트
티엔티가실린광산수레, 「어인정」 마인크래프트
파란색난초, 「어인정」 마인크래프트
파란색색유리, 「어인정」 마인크래프트
파란색색유리판, 「어인정」 마인크래프트
파란색셜커상자, 「어인정」 마인크래프트
파란색양탄자, 「어인정」 마인크래프트
파란색양털, 「어인정」 마인크래프트
파란색염료, 「어인정」 마인크래프트
파란색유광테라코타, 「어인정」 마인크래프트
파란색침대, 「어인정」 마인크래프트
파란색콘크리트, 「어인정」 마인크래프트
파란색콘크리트가루, 「어인정」 마인크래프트
파란색테라코타, 「어인정」 마인크래프트
파란색현수막, 「어인정」 마인크래프트
팬텀막, 「어인정」 마인크래프트
퍼퍼계단, 「어인정」 마인크래프트
퍼퍼기둥, 「어인정」 마인크래프트
퍼퍼반블록, 「어인정」 마인크래프트
퍼퍼블록, 「어인정」 마인크래프트
평범한물약, 「어인정」 마인크래프트
평원, 「어인정」 마인크래프트
포자꽃, 「어인정」 마인크래프트
폭발로부터보호, 「어인정」 마인크래프트
폭죽로켓, 「어인정」 마인크래프트
푸른얼음, 「어인정」 마인크래프트
프리즈머린, 「어인정」 마인크래프트
프리즈머린계단, 「어인정」 마인크래프트
프리즈머린담장, 「어인정」 마인크래프트
프리즈머린반블록, 「어인정」 마인크래프트
프리즈머린벽돌, 「어인정」 마인크래프트
프리즈머린벽돌계단, 「어인정」 마인크래프트
프리즈머린벽돌반블록, 「어인정」 마인크래프트
프리즈머린수정, 「어인정」 마인크래프트
프리즈머린조각, 「어인정」 마인크래프트
플레이어머리, 「어인정」 마인크래프트
피스톤, 「어인정」 마인크래프트
하늘색색유리, 「어인정」 마인크래프트
하늘색색유리판, 「어인정」 마인크래프트
하늘색셜커상자, 「어인정」 마인크래프트
하늘색양탄자, 「어인정」 마인크래프트
하늘색양털, 「어인정」 마인크래프트
하늘색염료, 「어인정」 마인크래프트
하늘색유광테라코타, 「어인정」 마인크래프트
하늘색침대, 「어인정」 마인크래프트
하늘색콘크리트, 「어인정」 마인크래프트
하늘색콘크리트가루, 「어인정」 마인크래프트
하늘색테라코타, 「어인정」 마인크래프트
하늘색현수막, 「어인정」 마인크래프트
하얀색색유리, 「어인정」 마인크래프트
하얀색색유리판, 「어인정」 마인크래프트
하얀색셜커상자, 「어인정」 마인크래프트
하얀색양탄자, 「어인정」 마인크래프트
하얀색양털, 「어인정」 마인크래프트
하얀색염료, 「어인정」 마인크래프트
하얀색유광테라코타, 「어인정」 마인크래프트
하얀색침대, 「어인정」 마인크래프트
하얀색콘크리트, 「어인정」 마인크래프트
하얀색콘크리트가루, 「어인정」 마인크래프트
하얀색테라코타, 「어인정」 마인크래프트
하얀색튤립, 「어인정」 마인크래프트
하얀색현수막, 「어인정」 마인크래프트
해바라기평원, 「어인정」 마인크래프트
해변, 「어인정」 마인크래프트
햇빛감지기, 「어인정」 마인크래프트
행운, 「어인정」 마인크래프트
행운의물약, 「어인정」 마인크래프트
현무암, 「어인정」 마인크래프트
현무암삼각주, 「어인정」 마인크래프트
호박파이, 「어인정」 마인크래프트
호퍼가실린광산수레, 「어인정」 마인크래프트
화강암, 「어인정」 마인크래프트
화강암계단, 「어인정」 마인크래프트
화강암담장, 「어인정」 마인크래프트
화강암반블록, 「어인정」 마인크래프트
화로, 「어인정」 마인크래프트
화로가실린광산수레, 「어인정」 마인크래프트
화살작업대, 「어인정」 마인크래프트
화약, 「어인정」 마인크래프트
화염으로부터보호, 「어인정」 마인크래프트
화염저항, 「어인정」 마인크래프트
화염저항의물약, 「어인정」 마인크래프트
환술사, 「어인정」 마인크래프트
활성화레일, 「어인정」 마인크래프트
황금당근, 「어인정」 마인크래프트
황금사과, 「어인정」 마인크래프트
황금이박힌흑암, 「어인정」 마인크래프트
황금주괴, 「어인정」 마인크래프트
회백색색유리, 「어인정」 마인크래프트
회백색색유리판, 「어인정」 마인크래프트
회백색셜커상자, 「어인정」 마인크래프트
회백색양탄자, 「어인정」 마인크래프트
회백색양털, 「어인정」 마인크래프트
회백색염료, 「어인정」 마인크래프트
회백색유광테라코타, 「어인정」 마인크래프트
회백색침대, 「어인정」 마인크래프트
회백색콘크리트, 「어인정」 마인크래프트
회백색콘크리트가루, 「어인정」 마인크래프트
회백색테라코타, 「어인정」 마인크래프트
회백색현수막, 「어인정」 마인크래프트
회백토, 「어인정」 마인크래프트
회색색유리, 「어인정」 마인크래프트
회색색유리판, 「어인정」 마인크래프트
회색셜커상자, 「어인정」 마인크래프트
회색양탄자, 「어인정」 마인크래프트
회색양털, 「어인정」 마인크래프트
회색염료, 「어인정」 마인크래프트
회색유광테라코타, 「어인정」 마인크래프트
회색침대, 「어인정」 마인크래프트
회색콘크리트, 「어인정」 마인크래프트
회색콘크리트가루, 「어인정」 마인크래프트
회색테라코타, 「어인정」 마인크래프트
회색현수막, 「어인정」 마인크래프트
후렴과, 「어인정」 마인크래프트
후렴초, 「어인정」 마인크래프트
후렴화, 「어인정」 마인크래프트
훈연기, 「어인정」 마인크래프트
휩쓸기, 「어인정」 마인크래프트
흑암, 「어인정」 마인크래프트
흑암담장, 「어인정」 마인크래프트
흑암반블록, 「어인정」 마인크래프트
흑요석, 「어인정」 마인크래프트
흙길, 「어인정」 마인크래프트
힘의물약, 「어인정」 마인크래프트
가드닝마마, 「어인정」 비디오 게임
가드닝마마마마와숲속친구들, 「어인정」 비디오 게임
가루메탈, 「어인정」 비디오 게임
가면라이더클라이맥스스크램블, 「어인정」 비디오 게임
가면라이더클라이맥스파이터즈, 「어인정」 비디오 게임
가자겐상석양의목수이야기, 「어인정」 비디오 게임
가장사랑스러운너에게축복을, 「어인정」 비디오 게임
갈릴까요에이에스엠알같은파쇄게임, 「어인정」 비디오 게임
갓오브워, 「어인정」 비디오 게임
갓워즈컴플리트레전드, 「어인정」 비디오 게임
갓이터2레이지버스트, 「어인정」 비디오 게임
강철기갑사단온라인배틀필드, 「어인정」 비디오 게임
강철의연금술사등뒤를맡길자, 「어인정」 비디오 게임
개구리중사케로로불꽃튀는배틀로얄제트, 「어인정」 비디오 게임
갱스터뉴올리언스온라인오픈월드게임, 「어인정」 비디오 게임
갱스터리오성자의도시, 「어인정」 비디오 게임
건볼트크로니클루미너스어벤저아이엑스, 「어인정」 비디오 게임
건서바이버4바이오하자드히어로즈네버다이, 「어인정」 비디오 게임
겐지, 「어인정」 비디오 게임
격차원태그블랑플러스넵튠대좀비군단, 「어인정」 비디오 게임
고순이, 「어인정」 비디오 게임
구원, 「어인정」 비디오 게임
그라비티러쉬소녀는하늘로떨어졌다, 「어인정」 비디오 게임
그래비티러쉬2하늘로떨어진소녀의선택, 「어인정」 비디오 게임
그립컴뱃레이싱, 「어인정」 비디오 게임
기동전사건담기렌의야망액시즈의위협, 「어인정」 비디오 게임
기동전사건담기렌의야망액시즈의위협브이, 「어인정」 비디오 게임
기적의분식집, 「어인정」 비디오 게임
김재원싸인구하러가는게임, 「어인정」 비디오 게임
끄투, 「어인정」 비디오 게임
끄투코리아(단어), 「어인정」 비디오 게임
나는개가되었다, 「어인정」 비디오 게임
나루토질풍전나루티밋스톰4로드투보루토, 「어인정」 비디오 게임
나루토질풍전최강닌자대결집2격돌나루토대사스케, 「어인정」 비디오 게임
나루토투보루토시노비스트라이커디럭스에디션, 「어인정」 비디오 게임
나와그녀와그녀와그녀의건전하지못한관계, 「어인정」 비디오 게임
낯선고양이, 「어인정」 비디오 게임
냉장고의푸딩이없어졌다, 「어인정」 비디오 게임
냥냥이네고양이키우기, 「어인정」 비디오 게임
냥코대전쟁, 「어인정」 비디오 게임
너굴, 「어인정」 비디오 게임
넘버질라퍼즐수학게임숫자게임논리, 「어인정」 비디오 게임
네르케와전설의연금술사들새로운대지의아틀리에, 「어인정」 비디오 게임
네모바지스폰지밥비키니시티의전쟁리하이드레이티드, 「어인정」 비디오 게임
놀러오세요동물의숲, 「어인정」 비디오 게임
뉴슈퍼마리오브라더스유디럭스, 「어인정」 비디오 게임
는공간이고양이의진화, 「어인정」 비디오 게임
단간론파, 「어인정」 비디오 게임
단간론파희망의학원과절망의고교생, 「어인정」 비디오 게임
달빛조각사, 「어인정」 비디오 게임
댄스댄스레볼루션에이스투오플러스, 「어인정」 비디오 게임
더블유알시8에프아이에이월드랠리챔피언십, 「어인정」 비디오 게임
던전헌터챔피언스위대한온라인액션알피지, 「어인정」 비디오 게임
도망가친구들, 「어인정」 비디오 게임
동그란지구가네모가됐다고디지복셀지구방위군, 「어인정」 비디오 게임
동물온천귀여운동물들과목욕하며힐링, 「어인정」 비디오 게임
두근두근레스토랑친구들과함께경영하는요리게임, 「어인정」 비디오 게임
두근두근문예부, 「어인정」 비디오 게임
드래곤퀘스트11에스지나간시간을찾아서디피니티브에디션, 「어인정」 비디오 게임
드래곤퀘스트빌더즈아레프갈드를부활시켜라, 「어인정」 비디오 게임
드래곤퀘스트히어로즈2쌍둥이왕과예언의끝, 「어인정」 비디오 게임
디에스비타민위대한밥상말하는건강요리길잡이, 「어인정」 비디오 게임
디즈니프린세스퍼즐어드벤처매치3앤드장식, 「어인정」 비디오 게임
뚱뚱보공주와한주먹의케이크, 「어인정」 비디오 게임
라노타, 「어인정」 비디오 게임
라이자의아틀리에어둠의여왕과비밀의은신처, 「어인정」 비디오 게임
러브라이브스쿨아이돌페스티벌, 「어인정」 비디오 게임
레스토랑을부탁해, 「어인정」 비디오 게임
레이튼미스터리저니일곱대부호의음모, 「어인정」 비디오 게임
렐름로얄, 「어인정」 비디오 게임
렘넌트프롬디애쉬, 「어인정」 비디오 게임
렛츠고클러빙, 「어인정」 비디오 게임
로데오스템피드, 「어인정」 비디오 게임
로보토미코퍼레이션, 「어인정」 비디오 게임
로빈키우기, 「어인정」 비디오 게임
로스트아크, 「어인정」 비디오 게임
록맨제로앤드제트엑스더블히어로컬렉션, 「어인정」 비디오 게임
룸즈불가능한퍼즐, 「어인정」 비디오 게임
르그랑레거시운명수행자의이야기, 「어인정」 비디오 게임
리그오브레전드, 「어인정」 비디오 게임
리그오브레전드와일드리프트, 「어인정」 비디오 게임
리듬게임, 「어인정」 비디오 게임
리듬세상더베스트플러스, 「어인정」 비디오 게임
마리오앤드루이지알피지스리쿠파몸속대모험, 「어인정」 비디오 게임
마리오카트디에스, 「어인정」 비디오 게임
마법공학아수라장리그오브레전드이야기, 「어인정」 비디오 게임
마스터오브이터니티, 「어인정」 비디오 게임
마이마이, 「어인정」 비디오 게임
마인크래프트, 「어인정」 비디오 게임
마피아사십이, 「어인정」 비디오 게임
막말낭만특별편월화의검사달에피는꽃흩날리는꽃, 「어인정」 비디오 게임
매직캣피아노타일펫피아니스트탭탭동물타일, 「어인정」 비디오 게임
메이비, 「어인정」 비디오 게임
메탈기어솔리드4건즈오브더패트리어트, 「어인정」 비디오 게임
모던컴뱃버수스온라인멀티플레이에프피에스, 「어인정」 비디오 게임
모두의마블, 「어인정」 비디오 게임
모여봐요동물의숲, 「어인정」 비디오 게임
모탈컴뱃, 「어인정」 비디오 게임
목장이야기다시만난미네랄타운의친구들, 「어인정」 비디오 게임
몬스터오브더딥, 「어인정」 비디오 게임
못말리는3공주와함께하는그림연상영단어암기법, 「어인정」 비디오 게임
미라큘러스레이디버그와블랙캣, 「어인정」 비디오 게임
박자왕, 「어인정」 비디오 게임
배틀그라운드, 「어인정」 비디오 게임
배틀그라운드뉴스테이트, 「어인정」 비디오 게임
배틀필드하드라인스탠다드에디션, 「어인정」 비디오 게임
뱅드림걸즈밴드파티, 「어인정」 비디오 게임
벽돌깨기샷, 「어인정」 비디오 게임
보글보글스폰지밥, 「어인정」 비디오 게임
불타올라라열혈리듬혼오쓰싸워라응원단, 「어인정」 비디오 게임
브롤스타즈, 「어인정」 비디오 게임
브이브이브이브이브이브이, 「어인정」 비디오 게임
블루아카이브, 「어인정」 비디오 게임
블리츠브리게이드온라인에프피에스의진정한재미, 「어인정」 비디오 게임
빈야드밸리매치앤블래스트퍼즐디자인게임, 「어인정」 비디오 게임
빗트립프레젠츠러너2퓨쳐레전드오브리듬에일리언, 「어인정」 비디오 게임
빤스런, 「어인정」 비디오 게임
사아아아아슴시뮬레이터, 「어인정」 비디오 게임
사일런트힐, 「어인정」 비디오 게임
살아있는영어로강해지는실전디에스영어삼매경, 「어인정」 비디오 게임
샤리의아틀리에황혼바다의연금술사, 「어인정」 비디오 게임
샤이닝로어, 「어인정」 비디오 게임
샨테하프지니히어로, 「어인정」 비디오 게임
샨테하프지니히어로얼티메이트에디션, 「어인정」 비디오 게임
샵타이탄, 「어인정」 비디오 게임
샵타이탄디자인앤드무역, 「어인정」 비디오 게임
선생님몰래춤추기장난치지말아요, 「어인정」 비디오 게임
섬란카구라에스티발버서스소녀들의선택, 「어인정」 비디오 게임
세븐나이츠, 「어인정」 비디오 게임
셜록홈즈크라임앤드퍼니시먼트, 「어인정」 비디오 게임
소녀자동차크래프트고소녀를위한레이싱게임, 「어인정」 비디오 게임
소드아트온라인앨리시제이션라이징스틸, 「어인정」 비디오 게임
소드아트온라인페이탈불릿, 「어인정」 비디오 게임
소드아트온라인할로우리얼라이제이션디럭스에디션, 「어인정」 비디오 게임
솔리테어쇼타임재미있는무료트라이픽스솔리테어, 「어인정」 비디오 게임
수련충드래곤슬레이어에도전하라, 「어인정」 비디오 게임
숫자로찾는그림퍼즐피크로스디에스, 「어인정」 비디오 게임
쉔무, 「어인정」 비디오 게임
쉽타이쿤, 「어인정」 비디오 게임
슈퍼마리오스리디월드플러스퓨리월드, 「어인정」 비디오 게임
슈퍼마리오위갤럭시어드벤처, 「어인정」 비디오 게임
슛매니로봇, 「어인정」 비디오 게임
슛매니아스톰, 「어인정」 비디오 게임
스타크래프트, 「어인정」 비디오 게임
스타트렉, 「어인정」 비디오 게임
스트레인저오브파라다이스파이널판타지오리진, 「어인정」 비디오 게임
스페이스채널파이브브이알펑키댄싱뉴스온브로드캐스트, 「어인정」 비디오 게임
시간루프탈출아들처럼아버지처럼, 「어인정」 비디오 게임
시드마이어의문명, 「어인정」 비디오 게임
시드마이어의문명비욘드어스, 「어인정」 비디오 게임
시렌더원더러더타워오브포춘앤드더다이스오브페이트, 「어인정」 비디오 게임
식물대좀비네이버빌의대난투, 「어인정」 비디오 게임
신비아파트고스트헌터, 「어인정」 비디오 게임
심심탈출게임전집맞고앤드고스톱편, 「어인정」 비디오 게임
아가레스트전기, 「어인정」 비디오 게임
아더왕과미래에서온사나이7사슴사냥꾼, 「어인정」 비디오 게임
아미멘스트라이크전쟁전략시뮬레이션앤드군대어드벤처, 「어인정」 비디오 게임
아바타, 「어인정」 비디오 게임
아샤의아틀리에황혼대지의연금술사, 「어인정」 비디오 게임
아스팔트9레전드초강력아케이드자동차레이싱게임, 「어인정」 비디오 게임
아스팔트익스트림오프로드랠리레이싱, 「어인정」 비디오 게임
아이돌마스터신데렐라걸즈뷰잉레볼루션, 「어인정」 비디오 게임
아이돌마스터신데렐라걸즈스타라이트스테이지, 「어인정」 비디오 게임
아이작의번제리버스, 「어인정」 비디오 게임
아크서바이벌이볼브드, 「어인정」 비디오 게임
안녕햄토리햄토리와방가방가친구들, 「어인정」 비디오 게임
앙상블스타즈, 「어인정」 비디오 게임
액셀월드대소드아트온라인천년의황혼, 「어인정」 비디오 게임
앵그리버드드림블라스트버블퍼즐슈팅게임, 「어인정」 비디오 게임
어몽어스, 「어인정」 비디오 게임
언더나이트인버스엑셀레이트에스트, 「어인정」 비디오 게임
언더나이트인버스엑셀레이트클레어, 「어인정」 비디오 게임
에버소울, 「어인정」 비디오 게임
에브리타운퍼즐게임에브리타운스윗, 「어인정」 비디오 게임
에이3스틸얼라이브, 「어인정」 비디오 게임
엔터더건전, 「어인정」 비디오 게임
엘레비츠카이와제로의신비한여행, 「어인정」 비디오 게임
엘소드, 「어인정」 비디오 게임
여신전생페르소나4디얼티맥스울트라수플렉스홀드, 「어인정」 비디오 게임
여신전생페르소나4디얼티밋인마요나카아레나, 「어인정」 비디오 게임
역전재판123나루호도셀렉션, 「어인정」 비디오 게임
엽기토끼시간여행스리디, 「어인정」 비디오 게임
오더앤카오스온라인판타지3디엠엠오알피지, 「어인정」 비디오 게임
오뎅집인정이야기금소기적이일어나는가게, 「어인정」 비디오 게임
오버워치, 「어인정」 비디오 게임
오퍼레이션플래시포인트드래곤라이징, 「어인정」 비디오 게임
옷을입혀주세요수업에늦었어요, 「어인정」 비디오 게임
와쳐, 「어인정」 비디오 게임
왓리메인즈오브에디스핀치, 「어인정」 비디오 게임
왕이되는자서민에서왕까지세상을흔드는자, 「어인정」 비디오 게임
욘더클라우드캐쳐크로니클, 「어인정」 비디오 게임
워드비치힐링과재미를모두느낄수있는단어찾기퍼즐게임, 「어인정」 비디오 게임
워플래닛온라인최고의에스엘지엠엠오알티에스게임, 「어인정」 비디오 게임
워해머40000인퀴지터마터디럭스에디션, 「어인정」 비디오 게임
원신, 「어인정」 비디오 게임
원펀맨, 「어인정」 비디오 게임
월드사커위닝일레븐10라이브웨어에볼루션, 「어인정」 비디오 게임
웜스존게걸스러운뱀, 「어인정」 비디오 게임
위닝펏, 「어인정」 비디오 게임
위리모컨플러스로즐기는버라이어티게임박스, 「어인정」 비디오 게임
유희왕파이브디즈월드챔피언십2010리버스오브아르카디아, 「어인정」 비디오 게임
유희왕파이브디즈월드챔피언십2011오버더넥서스, 「어인정」 비디오 게임
이그지스트아카이브디아더사이드오브스카이, 「어인정」 비디오 게임
이노센트라이프어퓨쳐리스틱하베스트문스페셜에디션, 「어인정」 비디오 게임
잔다르크, 「어인정」 비디오 게임
잭앤드위키발바로스의보물, 「어인정」 비디오 게임
저스트댄스, 「어인정」 비디오 게임
전뇌전기버추얼온어떤마술의금서목록어떤마술의버추얼온, 「어인정」 비디오 게임
절대절망소녀단간론파어나더에피소드, 「어인정」 비디오 게임
제작왕대장장이김포지오프라인대장간도트알피지, 「어인정」 비디오 게임
젤다, 「어인정」 비디오 게임
젤다의전설브레스오브더와일드, 「어인정」 비디오 게임
젤다의전설시간의오카리나스리디, 「어인정」 비디오 게임
좀비고등학교, 「어인정」 비디오 게임
좋은피자위대한피자, 「어인정」 비디오 게임
죠죠의기묘한모험스타더스트슈터즈, 「어인정」 비디오 게임
죠죠의기묘한모험아이즈오브헤븐, 「어인정」 비디오 게임
주바무료동물원테마피브이피아레나에서펼치는동물배틀로얄게임, 「어인정」 비디오 게임
중년기사김봉식, 「어인정」 비디오 게임
지겨워하지마방치형알피지노가다키우기게임, 「어인정」 비디오 게임
직소퍼즐모음에이치디성인을위한퍼즐, 「어인정」 비디오 게임
짱구는못말려나와박사의여름방학끝나지않는7일간의여행, 「어인정」 비디오 게임
짱구는못말려디에스알쏭달쏭크레용대작전, 「어인정」 비디오 게임
짱구는못말려말랑말랑고무찰흙대변신, 「어인정」 비디오 게임
짱구는못말려부리부리떡잎마을대모험, 「어인정」 비디오 게임
짱구는못말려시네마랜드찰칵찰칵대소동, 「어인정」 비디오 게임
짱구는못말려온라인, 「어인정」 비디오 게임
짱구는못말려원플러스원쇼크성랜드대결전, 「어인정」 비디오 게임
짱구는못말려판타스틱우주별대모험, 「어인정」 비디오 게임
찍어라메이드인와리오, 「어인정」 비디오 게임
찾아라개구리중사케로로틀린그림찾기대작전, 「어인정」 비디오 게임
첼시씨는7명의마인을죽이지않으면안된다, 「어인정」 비디오 게임
쳐봐, 「어인정」 비디오 게임
초극장판개구리중사케로로더무비드래곤워리어, 「어인정」 비디오 게임
초차원대전넵튠대세가하드걸즈꿈의합체스페셜, 「어인정」 비디오 게임
추억의여름축제이야기잊을수없는그날의불꽃놀이, 「어인정」 비디오 게임
칭송받는자흩어져가는자들을위한자장가, 「어인정」 비디오 게임
카운터스트라이크글로벌오펜시브, 「어인정」 비디오 게임
카트라이더, 「어인정」 비디오 게임
카트라이더드리프트, 「어인정」 비디오 게임
카트라이더러쉬플러스, 「어인정」 비디오 게임
캐슬바니아오더오브에클레시아, 「어인정」 비디오 게임
컨스트럭션시뮬레이터2유에스콘솔에디션, 「어인정」 비디오 게임
케이던스오브하이랄크립트오브더네크로댄서피트젤다의전설, 「어인정」 비디오 게임
켓붐크레인게임기, 「어인정」 비디오 게임
켓신저제트, 「어인정」 비디오 게임
콜오브듀티모던워페어2캠페인리마스터, 「어인정」 비디오 게임
콥스파티블러드커버드리피티드피어, 「어인정」 비디오 게임
쿠키런, 「어인정」 비디오 게임
쿠키런오븐브레이크, 「어인정」 비디오 게임
쿠키런킹덤, 「어인정」 비디오 게임
쿠키워즈, 「어인정」 비디오 게임
쿠킹마마마마를도와줄래, 「어인정」 비디오 게임
쿠킹프렌지광기의크레이지셰프쿠킹게임, 「어인정」 비디오 게임
크레이지레이싱카트라이더, 「어인정」 비디오 게임
크레이지아케이드, 「어인정」 비디오 게임
크리스, 「어인정」 비디오 게임
클래시오브클랜, 「어인정」 비디오 게임
킵토킹앤노바디익스플로즈, 「어인정」 비디오 게임
킹오브파이터즈컬렉션오로치사가, 「어인정」 비디오 게임
타운으로놀러가요동물의숲, 「어인정」 비디오 게임
타이거우즈피지에이투어09올플레이, 「어인정」 비디오 게임
탈출게임길잃은고양이의여행, 「어인정」 비디오 게임
태고의달인닌텐도스위치버전, 「어인정」 비디오 게임
태고의달인쿵딱두가지알피지대모험쿵딱쿵신비한대모험편, 「어인정」 비디오 게임
택티쿨모바일전략티피에스슈팅게임, 「어인정」 비디오 게임
택틱스오우거운명의수레바퀴, 「어인정」 비디오 게임
테니스클래시무료3디멀티플레이어리얼테니스게임, 「어인정」 비디오 게임
테란, 「어인정」 비디오 게임
테일즈오브데스티니디렉터즈컷, 「어인정」 비디오 게임
템템, 「어인정」 비디오 게임
톰클랜시의고스트리콘어드밴스드워파이터, 「어인정」 비디오 게임
톰클랜시의레인보우식스3레이븐쉴드, 「어인정」 비디오 게임
톰클랜시의레인보우식스로그스피어, 「어인정」 비디오 게임
툼레이더디피니티브에디션, 「어인정」 비디오 게임
튀어나와요동물의숲, 「어인정」 비디오 게임
튀어나와요동물의숲아미보플러스, 「어인정」 비디오 게임
트래비스스트라이크어게인노모어히어로즈, 「어인정」 비디오 게임
틀린그림찾기1000레벨이상, 「어인정」 비디오 게임
틀린그림찾기750플러스레벨, 「어인정」 비디오 게임
틴에이지뮤턴트닌자터틀, 「어인정」 비디오 게임
틴에이지뮤턴트닌자터틀아웃오브섀도우, 「어인정」 비디오 게임
틀:팀42앱, 「어인정」 비디오 게임
파라파라파라다이스, 「어인정」 비디오 게임
파이어엠블렘섀도드래곤앤더블레이드오브라이트, 「어인정」 비디오 게임
팝픈뮤직토끼와고양이와소년의꿈, 「어인정」 비디오 게임
팩맨앤더고스트리어드벤쳐, 「어인정」 비디오 게임
팬텀브레이커배틀그라운드오버드라이브, 「어인정」 비디오 게임
팻프린세스어드벤처스, 「어인정」 비디오 게임
퍼즐앤드래곤제트플러스퍼즐앤드래곤슈퍼마리오브라더스에디션, 「어인정」 비디오 게임
풀메탈패닉싸워라도전하는자가승리한다, 「어인정」 비디오 게임
프린세스커넥트리다이브, 「어인정」 비디오 게임
프린세스퍼즐어린아이들을위한퍼즐소녀퍼즐게임, 「어인정」 비디오 게임
플레이어언노운스배틀그라운드, 「어인정」 비디오 게임
피겨프린세스두근두근스케이팅금메달을노려라, 「어인정」 비디오 게임
피리스의아틀리에신비한여행의연금술사, 「어인정」 비디오 게임
핑키스트리트키라키라뮤직아워신나는댄스배틀, 「어인정」 비디오 게임
하루10분약점극복플러스200토익디에스, 「어인정」 비디오 게임
하스스톤, 「어인정」 비디오 게임
하츠네미쿠브이알퓨쳐라이브위드프로젝트디바, 「어인정」 비디오 게임
하츠네미쿠프로젝트디바, 「어인정」 비디오 게임
하츠네미쿠프로젝트디바드리미씨어터, 「어인정」 비디오 게임
하츠네미쿠프로젝트디바드리미씨어터익스텐드, 「어인정」 비디오 게임
하츠네미쿠프로젝트디바세컨드, 「어인정」 비디오 게임
하츠네미쿠프로젝트디바에프, 「어인정」 비디오 게임
하츠네미쿠프로젝트디바에프세컨드, 「어인정」 비디오 게임
하츠네미쿠프로젝트디바엑스, 「어인정」 비디오 게임
하츠네미쿠프로젝트디바퓨쳐톤, 「어인정」 비디오 게임
하츠네미쿠프로젝트미라이디럭스, 「어인정」 비디오 게임
해피스타밴드전국민오디션밴드편, 「어인정」 비디오 게임
핸드시뮬레이터, 「어인정」 비디오 게임
햄스터컬렉션무료육성게임한가로이애완동물라이프, 「어인정」 비디오 게임
헤일로전쟁의서막, 「어인정」 비디오 게임
호텔엠파이어타이쿤방치게임경영자시뮬레이터, 「어인정」 비디오 게임
화성, 「어인정」 비디오 게임
흉가, 「어인정」 비디오 게임
히어로즈오브더스톰, 「어인정」 비디오 게임
히어로즈오브오더앤카오스, 「어인정」 비디오 게임
