가드닝마마, 「어인정」 비디오 게임
가드닝마마마마와숲속친구들, 「어인정」 비디오 게임
가루메탈, 「어인정」 비디오 게임
가면라이더클라이맥스스크램블, 「어인정」 비디오 게임
가면라이더클라이맥스파이터즈, 「어인정」 비디오 게임
가자겐상석양의목수이야기, 「어인정」 비디오 게임
가장사랑스러운너에게축복을, 「어인정」 비디오 게임
갈릴까요에이에스엠알같은파쇄게임, 「어인정」 비디오 게임
갓오브워, 「어인정」 비디오 게임
갓워즈컴플리트레전드, 「어인정」 비디오 게임
갓이터2레이지버스트, 「어인정」 비디오 게임
강철기갑사단온라인배틀필드, 「어인정」 비디오 게임
강철의연금술사등뒤를맡길자, 「어인정」 비디오 게임
개구리중사케로로불꽃튀는배틀로얄제트, 「어인정」 비디오 게임
갱스터뉴올리언스온라인오픈월드게임, 「어인정」 비디오 게임
갱스터리오성자의도시, 「어인정」 비디오 게임
건볼트크로니클루미너스어벤저아이엑스, 「어인정」 비디오 게임
건서바이버4바이오하자드히어로즈네버다이, 「어인정」 비디오 게임
겐지, 「어인정」 비디오 게임
격차원태그블랑플러스넵튠대좀비군단, 「어인정」 비디오 게임
고순이, 「어인정」 비디오 게임
구원, 「어인정」 비디오 게임
그라비티러쉬소녀는하늘로떨어졌다, 「어인정」 비디오 게임
그래비티러쉬2하늘로떨어진소녀의선택, 「어인정」 비디오 게임
그립컴뱃레이싱, 「어인정」 비디오 게임
기동전사건담기렌의야망액시즈의위협, 「어인정」 비디오 게임
기동전사건담기렌의야망액시즈의위협브이, 「어인정」 비디오 게임
기적의분식집, 「어인정」 비디오 게임
김재원싸인구하러가는게임, 「어인정」 비디오 게임
끄투, 「어인정」 비디오 게임
끄투코리아(단어), 「어인정」 비디오 게임
나는개가되었다, 「어인정」 비디오 게임
나루토질풍전나루티밋스톰4로드투보루토, 「어인정」 비디오 게임
나루토질풍전최강닌자대결집2격돌나루토대사스케, 「어인정」 비디오 게임
나루토투보루토시노비스트라이커디럭스에디션, 「어인정」 비디오 게임
나와그녀와그녀와그녀의건전하지못한관계, 「어인정」 비디오 게임
낯선고양이, 「어인정」 비디오 게임
냉장고의푸딩이없어졌다, 「어인정」 비디오 게임
냥냥이네고양이키우기, 「어인정」 비디오 게임
냥코대전쟁, 「어인정」 비디오 게임
너굴, 「어인정」 비디오 게임
넘버질라퍼즐수학게임숫자게임논리, 「어인정」 비디오 게임
네르케와전설의연금술사들새로운대지의아틀리에, 「어인정」 비디오 게임
네모바지스폰지밥비키니시티의전쟁리하이드레이티드, 「어인정」 비디오 게임
놀러오세요동물의숲, 「어인정」 비디오 게임
뉴슈퍼마리오브라더스유디럭스, 「어인정」 비디오 게임
는공간이고양이의진화, 「어인정」 비디오 게임
단간론파, 「어인정」 비디오 게임
단간론파희망의학원과절망의고교생, 「어인정」 비디오 게임
달빛조각사, 「어인정」 비디오 게임
댄스댄스레볼루션에이스투오플러스, 「어인정」 비디오 게임
더블유알시8에프아이에이월드랠리챔피언십, 「어인정」 비디오 게임
던전헌터챔피언스위대한온라인액션알피지, 「어인정」 비디오 게임
도망가친구들, 「어인정」 비디오 게임
동그란지구가네모가됐다고디지복셀지구방위군, 「어인정」 비디오 게임
동물온천귀여운동물들과목욕하며힐링, 「어인정」 비디오 게임
두근두근레스토랑친구들과함께경영하는요리게임, 「어인정」 비디오 게임
두근두근문예부, 「어인정」 비디오 게임
드래곤퀘스트11에스지나간시간을찾아서디피니티브에디션, 「어인정」 비디오 게임
드래곤퀘스트빌더즈아레프갈드를부활시켜라, 「어인정」 비디오 게임
드래곤퀘스트히어로즈2쌍둥이왕과예언의끝, 「어인정」 비디오 게임
디에스비타민위대한밥상말하는건강요리길잡이, 「어인정」 비디오 게임
디즈니프린세스퍼즐어드벤처매치3앤드장식, 「어인정」 비디오 게임
뚱뚱보공주와한주먹의케이크, 「어인정」 비디오 게임
라노타, 「어인정」 비디오 게임
라이자의아틀리에어둠의여왕과비밀의은신처, 「어인정」 비디오 게임
러브라이브스쿨아이돌페스티벌, 「어인정」 비디오 게임
레스토랑을부탁해, 「어인정」 비디오 게임
레이튼미스터리저니일곱대부호의음모, 「어인정」 비디오 게임
렐름로얄, 「어인정」 비디오 게임
렘넌트프롬디애쉬, 「어인정」 비디오 게임
렛츠고클러빙, 「어인정」 비디오 게임
로데오스템피드, 「어인정」 비디오 게임
로보토미코퍼레이션, 「어인정」 비디오 게임
로빈키우기, 「어인정」 비디오 게임
로스트아크, 「어인정」 비디오 게임
록맨제로앤드제트엑스더블히어로컬렉션, 「어인정」 비디오 게임
룸즈불가능한퍼즐, 「어인정」 비디오 게임
르그랑레거시운명수행자의이야기, 「어인정」 비디오 게임
리그오브레전드, 「어인정」 비디오 게임
리그오브레전드와일드리프트, 「어인정」 비디오 게임
리듬게임, 「어인정」 비디오 게임
리듬세상더베스트플러스, 「어인정」 비디오 게임
마리오앤드루이지알피지스리쿠파몸속대모험, 「어인정」 비디오 게임
마리오카트디에스, 「어인정」 비디오 게임
마법공학아수라장리그오브레전드이야기, 「어인정」 비디오 게임
마스터오브이터니티, 「어인정」 비디오 게임
마이마이, 「어인정」 비디오 게임
마인크래프트, 「어인정」 비디오 게임
마피아사십이, 「어인정」 비디오 게임
막말낭만특별편월화의검사달에피는꽃흩날리는꽃, 「어인정」 비디오 게임
매직캣피아노타일펫피아니스트탭탭동물타일, 「어인정」 비디오 게임
메이비, 「어인정」 비디오 게임
메탈기어솔리드4건즈오브더패트리어트, 「어인정」 비디오 게임
모던컴뱃버수스온라인멀티플레이에프피에스, 「어인정」 비디오 게임
모두의마블, 「어인정」 비디오 게임
모여봐요동물의숲, 「어인정」 비디오 게임
모탈컴뱃, 「어인정」 비디오 게임
목장이야기다시만난미네랄타운의친구들, 「어인정」 비디오 게임
몬스터오브더딥, 「어인정」 비디오 게임
못말리는3공주와함께하는그림연상영단어암기법, 「어인정」 비디오 게임
미라큘러스레이디버그와블랙캣, 「어인정」 비디오 게임
박자왕, 「어인정」 비디오 게임
배틀그라운드, 「어인정」 비디오 게임
배틀그라운드뉴스테이트, 「어인정」 비디오 게임
배틀필드하드라인스탠다드에디션, 「어인정」 비디오 게임
뱅드림걸즈밴드파티, 「어인정」 비디오 게임
벽돌깨기샷, 「어인정」 비디오 게임
보글보글스폰지밥, 「어인정」 비디오 게임
불타올라라열혈리듬혼오쓰싸워라응원단, 「어인정」 비디오 게임
브롤스타즈, 「어인정」 비디오 게임
브이브이브이브이브이브이, 「어인정」 비디오 게임
블루아카이브, 「어인정」 비디오 게임
블리츠브리게이드온라인에프피에스의진정한재미, 「어인정」 비디오 게임
빈야드밸리매치앤블래스트퍼즐디자인게임, 「어인정」 비디오 게임
빗트립프레젠츠러너2퓨쳐레전드오브리듬에일리언, 「어인정」 비디오 게임
빤스런, 「어인정」 비디오 게임
사아아아아슴시뮬레이터, 「어인정」 비디오 게임
사일런트힐, 「어인정」 비디오 게임
살아있는영어로강해지는실전디에스영어삼매경, 「어인정」 비디오 게임
샤리의아틀리에황혼바다의연금술사, 「어인정」 비디오 게임
샤이닝로어, 「어인정」 비디오 게임
샨테하프지니히어로, 「어인정」 비디오 게임
샨테하프지니히어로얼티메이트에디션, 「어인정」 비디오 게임
샵타이탄, 「어인정」 비디오 게임
샵타이탄디자인앤드무역, 「어인정」 비디오 게임
선생님몰래춤추기장난치지말아요, 「어인정」 비디오 게임
섬란카구라에스티발버서스소녀들의선택, 「어인정」 비디오 게임
세븐나이츠, 「어인정」 비디오 게임
셜록홈즈크라임앤드퍼니시먼트, 「어인정」 비디오 게임
소녀자동차크래프트고소녀를위한레이싱게임, 「어인정」 비디오 게임
소드아트온라인앨리시제이션라이징스틸, 「어인정」 비디오 게임
소드아트온라인페이탈불릿, 「어인정」 비디오 게임
소드아트온라인할로우리얼라이제이션디럭스에디션, 「어인정」 비디오 게임
솔리테어쇼타임재미있는무료트라이픽스솔리테어, 「어인정」 비디오 게임
수련충드래곤슬레이어에도전하라, 「어인정」 비디오 게임
숫자로찾는그림퍼즐피크로스디에스, 「어인정」 비디오 게임
쉔무, 「어인정」 비디오 게임
쉽타이쿤, 「어인정」 비디오 게임
슈퍼마리오스리디월드플러스퓨리월드, 「어인정」 비디오 게임
슈퍼마리오위갤럭시어드벤처, 「어인정」 비디오 게임
슛매니로봇, 「어인정」 비디오 게임
슛매니아스톰, 「어인정」 비디오 게임
스타크래프트, 「어인정」 비디오 게임
스타트렉, 「어인정」 비디오 게임
스트레인저오브파라다이스파이널판타지오리진, 「어인정」 비디오 게임
스페이스채널파이브브이알펑키댄싱뉴스온브로드캐스트, 「어인정」 비디오 게임
시간루프탈출아들처럼아버지처럼, 「어인정」 비디오 게임
시드마이어의문명, 「어인정」 비디오 게임
시드마이어의문명비욘드어스, 「어인정」 비디오 게임
시렌더원더러더타워오브포춘앤드더다이스오브페이트, 「어인정」 비디오 게임
식물대좀비네이버빌의대난투, 「어인정」 비디오 게임
신비아파트고스트헌터, 「어인정」 비디오 게임
심심탈출게임전집맞고앤드고스톱편, 「어인정」 비디오 게임
아가레스트전기, 「어인정」 비디오 게임
아더왕과미래에서온사나이7사슴사냥꾼, 「어인정」 비디오 게임
아미멘스트라이크전쟁전략시뮬레이션앤드군대어드벤처, 「어인정」 비디오 게임
아바타, 「어인정」 비디오 게임
아샤의아틀리에황혼대지의연금술사, 「어인정」 비디오 게임
아스팔트9레전드초강력아케이드자동차레이싱게임, 「어인정」 비디오 게임
아스팔트익스트림오프로드랠리레이싱, 「어인정」 비디오 게임
아이돌마스터신데렐라걸즈뷰잉레볼루션, 「어인정」 비디오 게임
아이돌마스터신데렐라걸즈스타라이트스테이지, 「어인정」 비디오 게임
아이작의번제리버스, 「어인정」 비디오 게임
아크서바이벌이볼브드, 「어인정」 비디오 게임
안녕햄토리햄토리와방가방가친구들, 「어인정」 비디오 게임
앙상블스타즈, 「어인정」 비디오 게임
액셀월드대소드아트온라인천년의황혼, 「어인정」 비디오 게임
앵그리버드드림블라스트버블퍼즐슈팅게임, 「어인정」 비디오 게임
어몽어스, 「어인정」 비디오 게임
언더나이트인버스엑셀레이트에스트, 「어인정」 비디오 게임
언더나이트인버스엑셀레이트클레어, 「어인정」 비디오 게임
에버소울, 「어인정」 비디오 게임
에브리타운퍼즐게임에브리타운스윗, 「어인정」 비디오 게임
에이3스틸얼라이브, 「어인정」 비디오 게임
엔터더건전, 「어인정」 비디오 게임
엘레비츠카이와제로의신비한여행, 「어인정」 비디오 게임
엘소드, 「어인정」 비디오 게임
여신전생페르소나4디얼티맥스울트라수플렉스홀드, 「어인정」 비디오 게임
여신전생페르소나4디얼티밋인마요나카아레나, 「어인정」 비디오 게임
역전재판123나루호도셀렉션, 「어인정」 비디오 게임
엽기토끼시간여행스리디, 「어인정」 비디오 게임
오더앤카오스온라인판타지3디엠엠오알피지, 「어인정」 비디오 게임
오뎅집인정이야기금소기적이일어나는가게, 「어인정」 비디오 게임
오버워치, 「어인정」 비디오 게임
오퍼레이션플래시포인트드래곤라이징, 「어인정」 비디오 게임
옷을입혀주세요수업에늦었어요, 「어인정」 비디오 게임
와쳐, 「어인정」 비디오 게임
왓리메인즈오브에디스핀치, 「어인정」 비디오 게임
왕이되는자서민에서왕까지세상을흔드는자, 「어인정」 비디오 게임
욘더클라우드캐쳐크로니클, 「어인정」 비디오 게임
워드비치힐링과재미를모두느낄수있는단어찾기퍼즐게임, 「어인정」 비디오 게임
워플래닛온라인최고의에스엘지엠엠오알티에스게임, 「어인정」 비디오 게임
워해머40000인퀴지터마터디럭스에디션, 「어인정」 비디오 게임
원신, 「어인정」 비디오 게임
원펀맨, 「어인정」 비디오 게임
월드사커위닝일레븐10라이브웨어에볼루션, 「어인정」 비디오 게임
웜스존게걸스러운뱀, 「어인정」 비디오 게임
위닝펏, 「어인정」 비디오 게임
위리모컨플러스로즐기는버라이어티게임박스, 「어인정」 비디오 게임
유희왕파이브디즈월드챔피언십2010리버스오브아르카디아, 「어인정」 비디오 게임
유희왕파이브디즈월드챔피언십2011오버더넥서스, 「어인정」 비디오 게임
이그지스트아카이브디아더사이드오브스카이, 「어인정」 비디오 게임
이노센트라이프어퓨쳐리스틱하베스트문스페셜에디션, 「어인정」 비디오 게임
잔다르크, 「어인정」 비디오 게임
잭앤드위키발바로스의보물, 「어인정」 비디오 게임
저스트댄스, 「어인정」 비디오 게임
전뇌전기버추얼온어떤마술의금서목록어떤마술의버추얼온, 「어인정」 비디오 게임
절대절망소녀단간론파어나더에피소드, 「어인정」 비디오 게임
제작왕대장장이김포지오프라인대장간도트알피지, 「어인정」 비디오 게임
젤다, 「어인정」 비디오 게임
젤다의전설브레스오브더와일드, 「어인정」 비디오 게임
젤다의전설시간의오카리나스리디, 「어인정」 비디오 게임
좀비고등학교, 「어인정」 비디오 게임
좋은피자위대한피자, 「어인정」 비디오 게임
죠죠의기묘한모험스타더스트슈터즈, 「어인정」 비디오 게임
죠죠의기묘한모험아이즈오브헤븐, 「어인정」 비디오 게임
주바무료동물원테마피브이피아레나에서펼치는동물배틀로얄게임, 「어인정」 비디오 게임
중년기사김봉식, 「어인정」 비디오 게임
지겨워하지마방치형알피지노가다키우기게임, 「어인정」 비디오 게임
직소퍼즐모음에이치디성인을위한퍼즐, 「어인정」 비디오 게임
짱구는못말려나와박사의여름방학끝나지않는7일간의여행, 「어인정」 비디오 게임
짱구는못말려디에스알쏭달쏭크레용대작전, 「어인정」 비디오 게임
짱구는못말려말랑말랑고무찰흙대변신, 「어인정」 비디오 게임
짱구는못말려부리부리떡잎마을대모험, 「어인정」 비디오 게임
짱구는못말려시네마랜드찰칵찰칵대소동, 「어인정」 비디오 게임
짱구는못말려온라인, 「어인정」 비디오 게임
짱구는못말려원플러스원쇼크성랜드대결전, 「어인정」 비디오 게임
짱구는못말려판타스틱우주별대모험, 「어인정」 비디오 게임
찍어라메이드인와리오, 「어인정」 비디오 게임
찾아라개구리중사케로로틀린그림찾기대작전, 「어인정」 비디오 게임
첼시씨는7명의마인을죽이지않으면안된다, 「어인정」 비디오 게임
쳐봐, 「어인정」 비디오 게임
초극장판개구리중사케로로더무비드래곤워리어, 「어인정」 비디오 게임
초차원대전넵튠대세가하드걸즈꿈의합체스페셜, 「어인정」 비디오 게임
추억의여름축제이야기잊을수없는그날의불꽃놀이, 「어인정」 비디오 게임
칭송받는자흩어져가는자들을위한자장가, 「어인정」 비디오 게임
카운터스트라이크글로벌오펜시브, 「어인정」 비디오 게임
카트라이더, 「어인정」 비디오 게임
카트라이더드리프트, 「어인정」 비디오 게임
카트라이더러쉬플러스, 「어인정」 비디오 게임
캐슬바니아오더오브에클레시아, 「어인정」 비디오 게임
컨스트럭션시뮬레이터2유에스콘솔에디션, 「어인정」 비디오 게임
케이던스오브하이랄크립트오브더네크로댄서피트젤다의전설, 「어인정」 비디오 게임
켓붐크레인게임기, 「어인정」 비디오 게임
켓신저제트, 「어인정」 비디오 게임
콜오브듀티모던워페어2캠페인리마스터, 「어인정」 비디오 게임
콥스파티블러드커버드리피티드피어, 「어인정」 비디오 게임
쿠키런, 「어인정」 비디오 게임
쿠키런오븐브레이크, 「어인정」 비디오 게임
쿠키런킹덤, 「어인정」 비디오 게임
쿠키워즈, 「어인정」 비디오 게임
쿠킹마마마마를도와줄래, 「어인정」 비디오 게임
쿠킹프렌지광기의크레이지셰프쿠킹게임, 「어인정」 비디오 게임
크레이지레이싱카트라이더, 「어인정」 비디오 게임
크레이지아케이드, 「어인정」 비디오 게임
크리스, 「어인정」 비디오 게임
클래시오브클랜, 「어인정」 비디오 게임
킵토킹앤노바디익스플로즈, 「어인정」 비디오 게임
킹오브파이터즈컬렉션오로치사가, 「어인정」 비디오 게임
타운으로놀러가요동물의숲, 「어인정」 비디오 게임
타이거우즈피지에이투어09올플레이, 「어인정」 비디오 게임
탈출게임길잃은고양이의여행, 「어인정」 비디오 게임
태고의달인닌텐도스위치버전, 「어인정」 비디오 게임
태고의달인쿵딱두가지알피지대모험쿵딱쿵신비한대모험편, 「어인정」 비디오 게임
택티쿨모바일전략티피에스슈팅게임, 「어인정」 비디오 게임
택틱스오우거운명의수레바퀴, 「어인정」 비디오 게임
테니스클래시무료3디멀티플레이어리얼테니스게임, 「어인정」 비디오 게임
테란, 「어인정」 비디오 게임
테일즈오브데스티니디렉터즈컷, 「어인정」 비디오 게임
템템, 「어인정」 비디오 게임
톰클랜시의고스트리콘어드밴스드워파이터, 「어인정」 비디오 게임
톰클랜시의레인보우식스3레이븐쉴드, 「어인정」 비디오 게임
톰클랜시의레인보우식스로그스피어, 「어인정」 비디오 게임
툼레이더디피니티브에디션, 「어인정」 비디오 게임
튀어나와요동물의숲, 「어인정」 비디오 게임
튀어나와요동물의숲아미보플러스, 「어인정」 비디오 게임
트래비스스트라이크어게인노모어히어로즈, 「어인정」 비디오 게임
틀린그림찾기1000레벨이상, 「어인정」 비디오 게임
틀린그림찾기750플러스레벨, 「어인정」 비디오 게임
틴에이지뮤턴트닌자터틀, 「어인정」 비디오 게임
틴에이지뮤턴트닌자터틀아웃오브섀도우, 「어인정」 비디오 게임
틀:팀42앱, 「어인정」 비디오 게임
파라파라파라다이스, 「어인정」 비디오 게임
파이어엠블렘섀도드래곤앤더블레이드오브라이트, 「어인정」 비디오 게임
팝픈뮤직토끼와고양이와소년의꿈, 「어인정」 비디오 게임
팩맨앤더고스트리어드벤쳐, 「어인정」 비디오 게임
팬텀브레이커배틀그라운드오버드라이브, 「어인정」 비디오 게임
팻프린세스어드벤처스, 「어인정」 비디오 게임
퍼즐앤드래곤제트플러스퍼즐앤드래곤슈퍼마리오브라더스에디션, 「어인정」 비디오 게임
풀메탈패닉싸워라도전하는자가승리한다, 「어인정」 비디오 게임
프린세스커넥트리다이브, 「어인정」 비디오 게임
프린세스퍼즐어린아이들을위한퍼즐소녀퍼즐게임, 「어인정」 비디오 게임
플레이어언노운스배틀그라운드, 「어인정」 비디오 게임
피겨프린세스두근두근스케이팅금메달을노려라, 「어인정」 비디오 게임
피리스의아틀리에신비한여행의연금술사, 「어인정」 비디오 게임
핑키스트리트키라키라뮤직아워신나는댄스배틀, 「어인정」 비디오 게임
하루10분약점극복플러스200토익디에스, 「어인정」 비디오 게임
하스스톤, 「어인정」 비디오 게임
하츠네미쿠브이알퓨쳐라이브위드프로젝트디바, 「어인정」 비디오 게임
하츠네미쿠프로젝트디바, 「어인정」 비디오 게임
하츠네미쿠프로젝트디바드리미씨어터, 「어인정」 비디오 게임
하츠네미쿠프로젝트디바드리미씨어터익스텐드, 「어인정」 비디오 게임
하츠네미쿠프로젝트디바세컨드, 「어인정」 비디오 게임
하츠네미쿠프로젝트디바에프, 「어인정」 비디오 게임
하츠네미쿠프로젝트디바에프세컨드, 「어인정」 비디오 게임
하츠네미쿠프로젝트디바엑스, 「어인정」 비디오 게임
하츠네미쿠프로젝트디바퓨쳐톤, 「어인정」 비디오 게임
하츠네미쿠프로젝트미라이디럭스, 「어인정」 비디오 게임
해피스타밴드전국민오디션밴드편, 「어인정」 비디오 게임
핸드시뮬레이터, 「어인정」 비디오 게임
햄스터컬렉션무료육성게임한가로이애완동물라이프, 「어인정」 비디오 게임
헤일로전쟁의서막, 「어인정」 비디오 게임
호텔엠파이어타이쿤방치게임경영자시뮬레이터, 「어인정」 비디오 게임
화성, 「어인정」 비디오 게임
흉가, 「어인정」 비디오 게임
히어로즈오브더스톰, 「어인정」 비디오 게임
히어로즈오브오더앤카오스, 「어인정」 비디오 게임
